Get on animal crossing ,,desktopcomputer,017cd3a5-be0b-0000-5dac-ab8f76ba9d0f,2021-10-30T23:59:59+00:00
get ready,,custom.shower,017cd3a5-640e-0000-c10c-f48984299a9c,2021-10-30T23:59:54+00:00
create physical customer journey map,,mdi.mountain,017cd3a5-3a07-0000-1ffa-38d3fa7f9db8,2021-10-30T23:59:48+00:00
Health & Med course,,custom.chemistry,017cd3a5-732f-0000-8344-36b10cad124c,2021-10-30T23:59:48+00:00
‚Äî‚Äî‚Äî Learning Time ‚Äî‚Äî‚Äî,,book.fill,017cd3a5-2c46-0000-dc93-030e46d6f98e,2021-10-30T23:59:46+00:00
get ready,,custom.shower,017cd3a5-639f-0000-89cd-babb533f76ae,2021-10-30T23:59:42+00:00
Lunch Time,,noun.meal,017cd3a5-20e7-0000-117c-f2d8078af8e6,2021-10-30T23:59:37+00:00
ÊåâÁîµËØù,,headphones,017cd3a5-45ae-0000-c935-a3c11f49995c,2021-10-30T23:59:33+00:00
get ready,,custom.shower,017cd3a5-073b-0000-c30e-3678fadbe94f,2021-10-30T23:59:26+00:00
Dinner + clean up,,noun.meal,017cd3a4-e726-0000-d0e8-3fc695908d6f,2021-10-30T23:59:24+00:00
Wake up!,en,alarm.fill,017cd534-3f68-0001-33c3-7fb34349cff5,2021-10-30T23:59:21.500000+00:00
Lunch Time,,noun.meal,017cd3a5-0045-0000-b7ba-746c0d1b54a6,2021-10-30T23:59:21+00:00
Update your office records,,briefcase.fill,017cd3a4-acc2-0000-abb0-936ab422a5c7,2021-10-30T23:59:15+00:00
Pflegen ,,custom.shower,017cd3a4-ac5a-0000-47ff-fe19da7f6df6,2021-10-30T23:59:13+00:00
ÂÜ≤Âáâ,,custom.hairdryer,017cd3a4-d0c1-0000-c6ca-5f9870a86372,2021-10-30T23:59:09+00:00
Bastwald Elektro & Papier wegbringen,,trash.fill,017cd3a4-d1cb-0000-1e98-63c9271480a1,2021-10-30T23:59:07+00:00
L√§ggdags!,,moon.zzz.fill,017cd3a4-b5cf-0000-7b26-47b30b2a6ad9,2021-10-30T23:59:05+00:00
Wake up!,en,alarm.fill,017cd534-3f54-0002-5ab1-e1564f1b7926,2021-10-30T23:59:03.500000+00:00
Wake up!,,alarm.fill,017cd3a4-d3b2-0000-3f27-288416143a9e,2021-10-30T23:58:57+00:00
Bastwald Elektro & Papier wegbringen,,trash.fill,017cd3a4-5bcc-0000-0a7a-1a6aa361a804,2021-10-30T23:58:55+00:00
Sleep Well!,,moon.fill,017cd3a4-9192-0000-e165-86731ca3324d,2021-10-30T23:58:53+00:00
Sleep Well!,en,moon.fill,017cd534-3f52-0002-2171-8241459130bf,2021-10-30T23:58:47.500000+00:00
Update your office records,,briefcase.fill,017cd3a4-393d-0000-f835-335db6661359,2021-10-30T23:58:33+00:00
Âá∫Âèë,,car.fill,017cd3a4-5b7a-0000-e8cd-dbced6b6ea0d,2021-10-30T23:58:32+00:00
Âá∫Âèë,,car.fill,017cd3a3-ef57-0000-9db9-88b050132286,2021-10-30T23:58:23+00:00
Âá∫Âèë,,car.fill,017cd3a3-ef05-0000-e16e-b15363a04f9b,2021-10-30T23:58:19+00:00
Lunch Time,,noun.meal,017cd3a3-c31c-0000-b30b-a6c7a0912c93,2021-10-30T23:58:11+00:00
Sleep Well!,,moon.fill,017cd3a4-06b1-0000-2f80-763241add920,2021-10-30T23:58:11+00:00
Night Care,,custom.toothbrush,017cd3a3-ba33-0000-dca1-3a482d25e0cc,2021-10-30T23:58:11+00:00
work,,dollarsign.circle.fill,017cd3a3-c44b-0000-7100-68ec2bd7c50e,2021-10-30T23:57:45+00:00
Gym 2,,custom.dumbbell,017cd3a3-4d03-0000-c339-aea3b5854bfc,2021-10-30T23:57:42+00:00
Spendit Log,,newspaper.fill,017cd3a3-a88d-0000-e018-cc2ad8fb833d,2021-10-30T23:57:41+00:00
L√§ggdags!,,moon.zzz.fill,017cd3a3-5623-0000-d431-e65417f74c9e,2021-10-30T23:57:37+00:00
Morning Routine,,custom.shower,017cd3a3-4fb1-0000-4b67-e21b61f7a03d,2021-10-30T23:57:36+00:00
Sleep Well!,,moon.fill,017cd3a3-29ae-0000-67a3-bed55cdb84d6,2021-10-30T23:57:36+00:00
Wake up!,,alarm.fill,017cd3a3-2de6-0000-4f32-e6b8590cc8dd,2021-10-30T23:57:33+00:00
Meal prep (600-800cals),,noun.meal,017cd3a3-1085-0000-4056-c3632ea41da3,2021-10-30T23:57:31+00:00
"Log repeat: 1,2,4",en,newspaper.fill,017cd534-3f2b-0001-cdb0-3118ed136ef9,2021-10-30T23:57:29.500000+00:00
Spendit Log,,newspaper.fill,017cd3a3-2ad1-0000-cdef-7c8fb77bbab7,2021-10-30T23:57:29+00:00
G√§ste kommen ,,person.2.fill,017cd3a3-70ca-0000-af6a-be589e425ed1,2021-10-30T23:57:28+00:00
Fensterb√§nke Neugasse: Folienmuster aussuchen & bestellen,,hammer.fill,017cd3a3-7125-0000-9a1e-d1e7496be58d,2021-10-30T23:57:27+00:00
Spendit Log,,newspaper.fill,017cd3a3-2a6d-0000-9645-9b3967973314,2021-10-30T23:57:20+00:00
workout,,custom.dumbbell,017cd3a3-2d5c-0000-06a2-f9f6e30939f0,2021-10-30T23:57:18+00:00
Gym 1,,custom.dumbbell,017cd3a2-c5b3-0000-dd18-251b48d6a054,2021-10-30T23:57:12+00:00
Lunch Time,,noun.meal,017cd3a2-d78e-0000-ea94-ce0cc8abe6c5,2021-10-30T23:57:10+00:00
Lunch ,,sun.max.fill,017cd3a2-e8b4-0000-ea16-be6c4084dfc5,2021-10-30T23:57:07+00:00
workout,,custom.dumbbell,017cd3a2-b54b-0000-4e8e-a354a851015f,2021-10-30T23:57:05+00:00
essen ,,noun.meal,017cd3a2-d7bc-0000-4168-10f1daf12390,2021-10-30T23:57:01+00:00
create physical customer journey map,,mdi.mountain,017cd3a2-8886-0000-6b4b-e74f7960220e,2021-10-30T23:56:56+00:00
Read ‚ÄúFinTech Landing‚Äù paper,,doc.fill,017cd3a2-e85c-0000-58fd-716557439910,2021-10-30T23:56:53+00:00
Dachboden abdichten,,hammer.fill,017cd3a2-8706-0000-9d37-0ed44cda2905,2021-10-30T23:56:41+00:00
Sugaringwax Report,,doc.fill,017cd3a2-be1c-0000-e001-9f70296e0110,2021-10-30T23:56:40+00:00
chillen ,,mdi.couch,017cd3a2-641c-0000-aaec-0b9366681e20,2021-10-30T23:56:33+00:00
Wake up!,,alarm.fill,017cd3a2-20b0-0000-1b39-9bbe2cb77466,2021-10-30T23:56:27+00:00
Sugaringwax Report,,doc.fill,017cd3a2-4936-0000-484f-af0432fe05c1,2021-10-30T23:56:25+00:00
"Mao repeat: 0,1,2",en,newspaper.fill,017cd534-3a4f-0001-0664-975c8fc7c2bc,2021-10-30T23:56:21.093000+00:00
Wake up!,,alarm.fill,017cd3a2-2051-0000-4209-a688a1312466,2021-10-30T23:56:21+00:00
Take a shower ,,custom.toothbrush,017cd3a2-3367-0000-4a55-d59aca2b438f,2021-10-30T23:56:19+00:00
God morgon!,,sun.max.fill,017cd3a1-f692-0000-98e5-ac5ae98ed6aa,2021-10-30T23:56:15+00:00
Leave for work,,car.fill,017cd3a2-3204-0000-9afe-50d9fb28f659,2021-10-30T23:56:13+00:00
workout,,custom.dumbbell,017cd3a1-d10b-0000-8345-65a93f7fe8a3,2021-10-30T23:56:06+00:00
Nagel Termin ,,bandage.fill,017cd3a1-9c09-0000-6f74-0a578114a539,2021-10-30T23:55:53+00:00
Reproduce Volve Bug,,tv.fill,017cd3a1-d3cf-0000-6ef7-57834db34ac4,2021-10-30T23:55:52+00:00
Take a shower ,,custom.toothbrush,017cd3a1-e300-0000-cc54-b569213090aa,2021-10-30T23:55:51+00:00
workout,,custom.dumbbell,017cd3a1-d0c6-0000-4263-94f297ecd69b,2021-10-30T23:55:50+00:00
Sleep Well!,,moon.fill,017cd3a1-7a7b-0000-814a-5174cfc7b2e8,2021-10-30T23:55:41+00:00
Morning walk,,figure.walk,017cd3a1-bcac-0000-01b5-ce52ab9545ef,2021-10-30T23:55:34+00:00
workout,,custom.dumbbell,017cd3a1-4fd2-0000-d656-8be7485e241a,2021-10-30T23:55:32+00:00
Painting class,,paintbrush.pointed.fill,017cd3a1-4d02-0000-1a60-a26f359db73f,2021-10-30T23:55:26+00:00
‡πÄ‡∏•‡πà‡∏ô‡πÇ‡∏ó‡∏£‡∏®‡∏±‡∏û‡∏ó‡πå,,phone.fill,017cd3a1-574a-0000-299f-8f25e780549c,2021-10-30T23:55:16+00:00
Wake up!,,alarm.fill,017cd3a1-4f8c-0000-d573-86f0d465126f,2021-10-30T23:55:13+00:00
buy new wigsbuy new wigs,,heart.fill,017cd3a0-f280-0000-c0a8-8d28c3f8f927,2021-10-30T23:55:09+00:00
‡πÄ‡∏•‡πà‡∏ô‡πÇ‡∏ó‡∏£‡∏®‡∏±‡∏û‡∏ó‡πå,,phone.fill,017cd3a0-e178-0000-889d-95d634cd1d88,2021-10-30T23:55:07+00:00
Gymtimeü§∏üèΩ Zumba,,custom.dumbbell,017cd3a1-0291-0000-a407-c31567f8f5c2,2021-10-30T23:55:07+00:00
Wake up!,,alarm.fill,017cd3a0-e878-0000-3550-5b7d2dc724fa,2021-10-30T23:55:06+00:00
Update your office records,,briefcase.fill,017cd3a1-0434-0000-c604-120aeec8ad60,2021-10-30T23:55:04+00:00
Sleep Well!,,moon.fill,017cd3a0-e7c3-0000-3352-3fb6f524123a,2021-10-30T23:55:00+00:00
Wake up!,,alarm.fill,017cd3a0-d51f-0000-28c9-db3155fc992a,2021-10-30T23:54:59+00:00
Lucas f√∂delsedag,,gift.fill,017cd3a1-1478-0000-d056-89fb14204e2a,2021-10-30T23:54:56+00:00
Verkaufsoffener Sonntag Alsfeld,,cart.fill,017cd3a0-b250-0000-d479-765c20637cc0,2021-10-30T23:54:56+00:00
‡πÄ‡∏•‡πà‡∏ô‡πÇ‡∏ó‡∏£‡∏®‡∏±‡∏û‡∏ó‡πå,,phone.fill,017cd3a0-bae7-0000-00b8-4432c531150e,2021-10-30T23:54:54+00:00
Morning Routine,,custom.shower,017cd3a1-03b7-0000-8725-2edfc3a99216,2021-10-30T23:54:52+00:00
workout,,custom.dumbbell,017cd3a0-d4cf-0000-f2ee-4939929194a5,2021-10-30T23:54:42+00:00
‡πÄ‡∏•‡πà‡∏ô‡πÇ‡∏ó‡∏£‡∏®‡∏±‡∏û‡∏ó‡πå,,phone.fill,017cd3a0-ba78-0000-ae1b-56a4b06e5968,2021-10-30T23:54:40+00:00
buy new wigs,,heart.fill,017cd3a0-7d49-0000-c810-2127284b00d3,2021-10-30T23:54:37+00:00
Lucas f√∂delsedag,,gift.fill,017cd3a0-9725-0000-7db9-01ca50c8fd5d,2021-10-30T23:54:34+00:00
Boot Camp,,custom.dumbbell,017cd3a0-4924-0000-6360-2b3ec0cf2364,2021-10-30T23:54:28+00:00
Clean the room,,wand.and.stars,017cd3a0-968b-0000-5c2e-ba4a9ad1bae0,2021-10-30T23:54:26+00:00
Wake up,,sun.max.fill,017cd3a0-8c0b-0000-ab19-054873551b52,2021-10-30T23:54:16+00:00
Clean the room,,wand.and.stars,017cd3a0-217a-0000-f61f-c6efdea7fe05,2021-10-30T23:54:15+00:00
Schlaf gut!,,moon.fill,017cd3a0-3d2e-0000-d292-79b4219e7c3f,2021-10-30T23:54:11+00:00
Painting class,,paintbrush.pointed.fill,017cd39f-fd2a-0000-a64c-020010a3257e,2021-10-30T23:53:57+00:00
essen ,,noun.meal,017cd3a0-1843-0000-1c7c-f833c0d5abe1,2021-10-30T23:53:51+00:00
Soutenance cr√©a,,mdi.school,017cd628-e796-0000-73da-2ce9a4ce9013,2021-10-30T23:53:51+00:00
Trial exam,en,pencil.and.outline,017cd534-3a3b-0002-4b83-69486749eb6d,2021-10-30T23:53:46.093000+00:00
"finish repaying ¬£1,500 overdraft",,dollarsign.circle.fill,017cd39f-92b8-0000-7a30-7e9fadb12274,2021-10-30T23:53:41+00:00
Soutenance cr√©a,,mdi.school,017cd628-e72b-0000-37b9-9f17457c0ec3,2021-10-30T23:53:39+00:00
Fr√ºhst√ºck,,noun.coffee,017cd39f-c7ce-0000-533f-57a3665f28e5,2021-10-30T23:53:38+00:00
‡∏Å‡∏¥‡∏ô‡∏Ç‡πâ‡∏≤‡∏ß,,noun.meal,017cd39f-829a-0000-aecd-9278ee17825c,2021-10-30T23:53:33+00:00
‡∏≠‡∏≤‡∏ö‡∏ô‡πâ‡∏≥ ,,custom.shower,017cd39f-5a86-0000-faf5-de4be0508b42,2021-10-30T23:53:22+00:00
Duerme bien!,,moon.fill,017cd39f-3d78-0000-7976-a20ce0bff05c,2021-10-30T23:53:16+00:00
Masterplan Geschenke Weihnachten & Geburtstag anlegen,,gift.fill,017cd39f-5298-0000-d4e8-3490533dda61,2021-10-30T23:53:07+00:00
Masterplan Geschenke Weihnachten & Geburtstag planen,,gift.fill,017cd39e-ddb2-0000-eb9c-0e4e0f807253,2021-10-30T23:52:54+00:00
Update your office records,,briefcase.fill,017cd39f-44ea-0000-5f3d-a568d5c92215,2021-10-30T23:52:47+00:00
Nap,,zzz,017cd39f-04a8-0000-2a64-36ca9103dd26,2021-10-30T23:52:46+00:00
Wake up!,,alarm.fill,017cd39e-d6b5-0000-5416-b23b72581554,2021-10-30T23:52:45+00:00
Wake up!,,alarm.fill,017cd39f-0a63-0000-aed0-ac5414e2f052,2021-10-30T23:52:39+00:00
take poppy for a walk,,custom.dog,017cd39e-9e10-0000-e54e-4cf48ad1eb9e,2021-10-30T23:52:39+00:00
Geschenke Weihnachten & Geburtstag planen,,gift.fill,017cd39e-dd48-0000-7196-4892dc43e2c3,2021-10-30T23:52:33+00:00
Wake up!,,alarm.fill,017cd39e-887f-0000-0f4d-433d36b2fd88,2021-10-30T23:52:29+00:00
take poppy for a walk,,custom.dog,017cd39e-7ce9-0000-2c27-ff95a899f552,2021-10-30T23:52:29+00:00
take poppy for a walk,,custom.dog,017cd39e-7c8e-0000-e8d9-be283ce69ff0,2021-10-30T23:52:23+00:00
Go to Austin‚Äôs,,car.fill,017cd39e-8753-0000-2cbc-2ddb55a35782,2021-10-30T23:52:23+00:00
Have fun ,,smiley.fill,017cd39e-4be1-0000-65dc-735c67245a88,2021-10-30T23:52:18+00:00
Meditation ,,mdi.relax,017cd39e-4063-0000-bff3-096988180f64,2021-10-30T23:52:12+00:00
‡∏≠‡∏≠‡∏Å‡∏Å‡∏≥‡∏•‡∏±‡∏á‡∏Å‡∏≤‡∏¢,,custom.dumbbell,017cd39d-adb2-0000-259c-85e6c59f934e,2021-10-30T23:51:37+00:00
"Log presentation: 1,2",en,play.rectangle.fill,017cd534-39dd-0000-3dd9-853785675cee,2021-10-30T23:51:26.093000+00:00
Gym 1,,custom.dumbbell,017cd39d-ce81-0000-0c1b-c8a51ae0e9ec,2021-10-30T23:51:21+00:00
do french homework,,custom.language,017cd39d-b389-0000-bc02-136fa2257505,2021-10-30T23:51:19+00:00
Schule ,,mdi.school,017cd39d-5995-0000-251e-cc59c8faca3b,2021-10-30T23:51:14+00:00
sc notes,,bookmark.fill,017cd39d-5148-0000-4c2e-f499021209dd,2021-10-30T23:51:11+00:00
acc mic Ë°•ËØæ,,archivebox.fill,017cd39d-35b5-0000-eb01-ce10eb37b7f3,2021-10-30T23:51:07+00:00
acc mic Ë°•ËØæ,,archivebox.fill,017cd39d-3544-0000-3165-74c46222d130,2021-10-30T23:51:00+00:00
reel ‚Äî morning routine,,video.fill,017cd39c-d454-0000-bbe9-6c2a0ce885ca,2021-10-30T23:50:40+00:00
reel ‚Äî morning routine,,video.fill,017cd39c-d3c2-0000-c4f6-9b1ab43da8e4,2021-10-30T23:50:22+00:00
Night Care,,custom.toothbrush,017cd39c-e8ac-0000-29cd-ddf9971c1f29,2021-10-30T23:50:21+00:00
Wake up!,,alarm.fill,017cd39c-c0ba-0000-0c37-8d7fc8c5874c,2021-10-30T23:50:21+00:00
Shower and get ready,,custom.shower,017cd39c-a1b3-0000-2cce-953cafceeff4,2021-10-30T23:50:16+00:00
ny√•rsafton,,noun.party,017cd39c-78a3-0000-ff3d-105deba32f60,2021-10-30T23:50:15+00:00
Morning Routine,,custom.shower,017cd39c-6e75-0000-5567-9a12a73d2f81,2021-10-30T23:50:10+00:00
. Manger,,noun.meal,017cd628-e344-0000-47c7-5931aced055b,2021-10-30T23:50:10+00:00
Shower and get ready,,custom.shower,017cd39c-a153-0000-2ac3-6f4c4a9a7b54,2021-10-30T23:50:10+00:00
Vorbereitungen Bachelorarbeit,,mdi.school,017cd39c-9361-0000-09c5-f08aeec1bce9,2021-10-30T23:50:01+00:00
Duerme bien!,,moon.fill,017cd39c-4523-0000-1141-7d4d87849e4d,2021-10-30T23:49:55+00:00
Sleep,,moon.zzz.fill,017cd39b-f640-0000-2b57-6f46102bc4f4,2021-10-30T23:49:42+00:00
Marketing ,en,chart.bar.fill,017cd534-3979-0000-d179-cb5d8a216aac,2021-10-30T23:49:39.994000+00:00
Vorbereitungen Bachelorarbeit,,mdi.school,017cd39c-1e2b-0000-eefb-de5d9f3466ec,2021-10-30T23:49:34+00:00
Wake up!,,sunrise.fill,017cd39b-dec1-0000-d09d-cf14eb20c50d,2021-10-30T23:49:28+00:00
Sleep Well!,en,moon.fill,017cd534-395d-0000-99dc-128fea38468e,2021-10-30T23:49:25.994000+00:00
Shower,,custom.shower,017cd39b-a77b-0000-7480-85239a92399e,2021-10-30T23:49:25+00:00
annandag jul,,gift.fill,017cd39b-c713-0000-2a40-4195963013d4,2021-10-30T23:49:24+00:00
Pray ,,mdi.ticket,017cd39b-ab72-0000-692a-3ecf67783ce9,2021-10-30T23:49:24+00:00
Wake up!,,alarm.fill,017cd39b-c924-0000-47e1-2c375eb1c920,2021-10-30T23:49:23+00:00
Pick up Bridesmaid Dress,,star.fill,017cd39b-d248-0000-7cd6-0bd03bca8c45,2021-10-30T23:49:17+00:00
juldagen,,gift.fill,017cd39b-8df4-0000-ce8d-dfcc5b76f399,2021-10-30T23:49:07+00:00
Vorbereitungen Bachelorarbeit,,mdi.school,017cd39b-a90a-0000-3a10-f7b6f7587556,2021-10-30T23:49:05+00:00
learn how to ride a horse,,hand.thumbsup.fill,017cd39b-73e6-0000-d28c-27c3ee11a574,2021-10-30T23:49:01+00:00
Get ready for the day,,custom.toothbrush,017cd39b-5cc2-0000-1c65-40e944570cd9,2021-10-30T23:49:00+00:00
Wake up!,,alarm.fill,017cd39b-49c1-0000-9f22-b01159c3ee49,2021-10-30T23:48:59+00:00
Statistics ,en,chart.pie.fill,017cd534-395b-0001-3184-d7cb9c5dda65,2021-10-30T23:48:58.994000+00:00
Go get Starbucks ,,noun.coffee,017cd39b-4a74-0000-419c-63d3288b450a,2021-10-30T23:48:55+00:00
julafton,,gift.fill,017cd39b-6196-0000-4d6d-f5a62b617923,2021-10-30T23:48:54+00:00
Wake up!,,alarm.fill,017cd39b-35f8-0000-9785-5f3f98976b40,2021-10-30T23:48:49+00:00
Go get Starbucks ,,noun.coffee,017cd39b-0c1b-0000-88a6-34cc206f37fc,2021-10-30T23:48:42+00:00
Wake up!,en,alarm.fill,017cd534-395a-0000-0494-e9fa1b24e142,2021-10-30T23:48:39.994000+00:00
‡∏ó‡∏≥‡∏á‡∏≤‡∏ô,,figure.walk,017cd39a-ee8e-0000-30c6-e4fa9fd15778,2021-10-30T23:48:23+00:00
Wake up!,en,alarm.fill,017cd534-3958-0003-e018-abbd48cd3276,2021-10-30T23:48:17.994000+00:00
Soutenance cr√©a,,mdi.school,017cd628-e231-0000-f37a-847cdb663ecc,2021-10-30T23:48:14+00:00
Chan‚Äôs vlive ,,tv.fill,017cd39a-a11c-0000-39bb-4c793105e1b7,2021-10-30T23:48:01+00:00
Pijama,,mustache.fill,017cd39a-343b-0000-a77b-69a0343ee526,2021-10-30T23:47:46+00:00
KsiƒÖ≈ºka,,book.fill,017cd39a-6ab2-0000-780b-7fdeb81a9bf3,2021-10-30T23:47:41+00:00
KsiƒÖ≈ºka,,book.fill,017cd399-ddd7-0000-097e-c7147a985528,2021-10-30T23:47:28+00:00
Wake up!,,alarm.fill,017cd39a-0615-0000-cb7e-ead850e87621,2021-10-30T23:47:21+00:00
KsiƒÖ≈ºka,,book.fill,017cd399-dd40-0000-01a6-a1ed9225913c,2021-10-30T23:47:19+00:00
Statistics ,en,chart.pie.fill,017cd534-3956-0000-e78d-54fabf01d7e6,2021-10-30T23:47:16.994000+00:00
"Schoonmaken badkamer, slaapkamer en woonkamer ",,house.fill,017cd399-d038-0000-9651-045f967977d8,2021-10-30T23:47:10+00:00
Ranger,,wand.and.stars,017cd628-e135-0000-21d5-1edf06f176f1,2021-10-30T23:47:07+00:00
Luciadagen,,star.fill,017cd399-b80e-0000-3d65-710c752fab5f,2021-10-30T23:47:07+00:00
Mycie siƒô,,custom.shower,017cd399-804d-0000-f8d8-3453ca540583,2021-10-30T23:46:55+00:00
Wake up!,,alarm.fill,017cd399-5eba-0000-d189-7896555f2494,2021-10-30T23:46:52+00:00
Schoonmaken ,,house.fill,017cd399-6de0-0000-3b6e-7681a66216f9,2021-10-30T23:46:46+00:00
Wake up!,,alarm.fill,017cd399-5007-0000-3f3e-cf52f7477446,2021-10-30T23:46:40+00:00
Morning Routine,,custom.shower,017cd399-3a49-0000-a917-6f63a32fd034,2021-10-30T23:46:38+00:00
Soutenance cr√©a,,mdi.school,017cd628-e07e-0000-3e50-b76b2d323dda,2021-10-30T23:46:33+00:00
Enjuague ,,custom.chemistry,017cd398-d494-0000-6c21-f4002dff6b52,2021-10-30T23:46:02+00:00
Morning Routine,,custom.shower,017cd398-c4ee-0000-9f6d-4b64e02fdcee,2021-10-30T23:46:01+00:00
Crulla da vil and scars,,mdi.relax,017cd398-6653-0000-8a7f-1a7e92f8d0bd,2021-10-30T23:45:51+00:00
Emma arrived ,,person.2.fill,017cd39b-6e7d-0000-b111-48f6a3c4ddf6,2021-10-30T23:45:31+00:00
send relton email about new starter form + ask him for my payslip,,envelope.fill,017cd398-3fd4-0000-3c86-cf930e24a8fc,2021-10-30T23:45:29+00:00
Oude apparaten ( to do list ) ,,phone.fill,017cd398-0baf-0000-6737-86c2d3ec9867,2021-10-30T23:45:24+00:00
practise script,,pencil.and.outline,017cd397-f2d5-0000-5b6d-9ff8252391eb,2021-10-30T23:45:16+00:00
‡∏ï‡∏∑‡πà‡∏ô!,,alarm.fill,017cd398-2f7a-0000-233f-6d485547f27f,2021-10-30T23:45:16+00:00
practise script,,pencil.and.outline,017cd397-d013-0000-9057-3719829a4c78,2021-10-30T23:45:11+00:00
send relton email about new starter form + ask him for my payslip,,envelope.fill,017cd397-ca9c-0000-f679-8f72db173eee,2021-10-30T23:45:01+00:00
Oude apparaten ( to do list ) ,,phone.fill,017cd397-9656-0000-42ae-a500813af127,2021-10-30T23:44:53+00:00
Sleep,,moon.zzz.fill,017cd397-d72d-0000-3a2e-45d515672bcb,2021-10-30T23:44:53+00:00
Wake up!,,alarm.fill,017cd397-8435-0000-025e-0c2a2e18df89,2021-10-30T23:44:51+00:00
Wake up!,,alarm.fill,017cd397-7843-0000-63d7-cb70906668e2,2021-10-30T23:44:39+00:00
church,,house.fill,017cd397-7db7-0000-6f87-72ff8eb5d66e,2021-10-30T23:44:38+00:00
finish rewording TBP letter,,custom.language,017cd397-5598-0000-e677-bf796a445e34,2021-10-30T23:44:28+00:00
üë´üèª Wake Up,,alarm.fill,017cd397-2558-0000-7f9c-080d19544641,2021-10-30T23:44:25+00:00
Gym 2,,custom.dumbbell,017cd397-65a5-0000-6b06-32d6f473f5c4,2021-10-30T23:44:25+00:00
Wake up!,,alarm.fill,017cd397-1ce9-0000-1527-f40a3879821b,2021-10-30T23:44:24+00:00
üë©üèª‚Äçü¶∞ Breakfast,,noun.meal,017cd396-d3da-0000-3ae5-3dbb0d1724d2,2021-10-30T23:44:08+00:00
üë©üèª‚Äçü¶∞ Lunch Out,,noun.meal,017cd396-418a-0000-87ea-bf142dcd24ae,2021-10-30T23:43:16+00:00
Marketing ,en,chart.bar.fill,017cd534-32bf-0004-dd2d-7d29463d7ce0,2021-10-30T23:43:04.178000+00:00
Drzemka,,moon.zzz.fill,017cd395-d6f4-0000-b792-268d5424c812,2021-10-30T23:42:59+00:00
Statistics ,en,chart.pie.fill,017cd534-32ae-0000-01c5-5a10886bb3c0,2021-10-30T23:42:55.178000+00:00
Donna‚Äôs,,car.fill,017cd395-e9a0-0000-e6de-d4f8ac4e335c,2021-10-30T23:42:51+00:00
Halloween,,star.fill,017cdcd1-db8c-0000-693e-d373c5025678,2021-10-30T23:42:49+00:00
Angielski,,mdi.school,017cd395-618b-0000-e64c-7ad32ac52887,2021-10-30T23:42:31+00:00
Marketing ,en,chart.bar.fill,017cd534-3293-0000-00e5-70dbe2de0851,2021-10-30T23:42:24.178000+00:00
üë©üèª‚Äçü¶∞ Relax from Day Out,,tv.fill,017cd395-7420-0000-2f9f-2b1161c5dc44,2021-10-30T23:42:13+00:00
Mars Hour,,alarm.fill,017cd394-ea65-0000-8564-b5b79a75613c,2021-10-30T23:42:03+00:00
Gym - Weight Training üèãÔ∏è,,noun.coffee,017cd395-2cf6-0000-e7e8-c40d9cdc98f0,2021-10-30T23:42:01+00:00
Mars Hour,,alarm.fill,017cd394-e968-0000-6cad-115f2dc69d1a,2021-10-30T23:41:58+00:00
Masaje Facial ,,hand.raised.fill,017cd394-ff06-0000-2f4b-79c5494f57ce,2021-10-30T23:41:55+00:00
Sun Hour,,sun.max.fill,017cd394-c61c-0000-cd5e-7627326bce7b,2021-10-30T23:41:53+00:00
üë©üèª‚Äçü¶∞ Relax from Trip,,tv.fill,017cd394-fefe-0000-934b-af26d0f385a8,2021-10-30T23:41:48+00:00
drive to bella‚Äôs,,car.fill,017cd394-b26f-0000-5cf2-fa0d68be2988,2021-10-30T23:41:40+00:00
Make dinner,,custom.cooking,017cd394-ce30-0000-aaf4-4ffc9069b330,2021-10-30T23:41:35+00:00
drive to bella‚Äôs,,car.fill,017cd394-73ef-0000-a9e4-773eb6d818f6,2021-10-30T23:41:33+00:00
drive to bella‚Äôs,,car.fill,017cd394-7352-0000-be88-23294270ea03,2021-10-30T23:41:23+00:00
morning routine,,custom.hairdryer,017cd43a-9bf4-0000-829b-f33a1b873697,2021-10-30T23:41:15+00:00
morning routine,,custom.hairdryer,017cd394-3775-0000-da2e-21a8348d5ecb,2021-10-30T23:41:15+00:00
Lunch,,noun.coffee,017cd394-0277-0000-ff85-320ddfaa537f,2021-10-30T23:41:02+00:00
üë©üèª‚Äçü¶∞ Lunch Out,,noun.meal,017cd394-1520-0000-9acf-310d1c39af07,2021-10-30T23:40:56+00:00
leave home,,house.fill,017cd394-01e9-0000-3456-1e4a5112f8ef,2021-10-30T23:40:55+00:00
work on powerpoint ,,desktopcomputer,017cd393-e1c7-0000-aa12-8414746a4fc1,2021-10-30T23:40:48+00:00
Wake up!,,alarm.fill,017cd393-ddb3-0000-b8b7-25a677cc39fb,2021-10-30T23:40:48+00:00
üë©üèª‚Äçü¶∞ Lunch,,noun.meal,017cd394-149e-0000-a06a-0d80d114a363,2021-10-30T23:40:45+00:00
Hipopresivos ,,tortoise.fill,017cd393-cb96-0000-817d-7c54d6487dbc,2021-10-30T23:40:44+00:00
MTH Exam,,x.squareroot,017cd393-8d98-0000-db9a-2bf23a385f2e,2021-10-30T23:40:33+00:00
MTH Notes,,x.squareroot,017cd393-63bb-0000-194f-ec1de3f7ba04,2021-10-30T23:40:24+00:00
Module 5 Discussion 2,,book.fill,017cdcd1-cb57-0000-e2cb-19a370ef7e48,2021-10-30T23:40:17+00:00
Unit 2 The First Two Years (Due),,mdi.school,017cdcd1-ca12-0000-0d7d-c06bdb8e86cd,2021-10-30T23:40:10+00:00
little diggers ,,smiley.fill,017ce1da-dd77-0000-ed08-0e49c28c5b2d,2021-10-30T23:39:51+00:00
Module 5 Discussion 3,,book.fill,017cdcd1-db4c-0000-f51b-71819484df38,2021-10-30T23:39:47+00:00
Meet w/ Blanca,,person.2.fill,017cd392-da73-0000-cf62-4317eb245b5f,2021-10-30T23:39:44+00:00
Fortepian ,,headphones,017cd393-05de-0000-6888-0b39822f10fe,2021-10-30T23:39:36+00:00
Shower,,custom.shower,017cd392-f13d-0000-47a8-09bc585e42ed,2021-10-30T23:39:34+00:00
SMS,,x.squareroot,017cd392-b7d4-0000-8cc8-2704211a9351,2021-10-30T23:39:34+00:00
MTH Module Project,,x.squareroot,017cd392-942c-0000-e7d0-2c090d9ea52f,2021-10-30T23:39:30+00:00
Geography meeting,,video.fill,017cdcd1-d9a1-0000-a75f-c7b9b4ea5ca1,2021-10-30T23:39:27+00:00
Meet w/ Blanca,,person.2.fill,017cd392-b24a-0000-3f7b-9f4b8c8f848a,2021-10-30T23:39:26+00:00
Wake up!,,alarm.fill,017cd392-9163-0000-19f8-84b2503c5620,2021-10-30T23:39:22+00:00
Ojeras,,eyeglasses,017cd392-6bee-0000-4cf1-b6899c193476,2021-10-30T23:39:19+00:00
Lunch,,noun.coffee,017cd392-2d6d-0000-381d-4d85d8c2a1f0,2021-10-30T23:38:57+00:00
ü¶∏üèª‚Äç‚ôÇÔ∏è Meditation,,mdi.relax,017cd392-3718-0000-8b2a-80d3b25d72fa,2021-10-30T23:38:43+00:00
üë©üèª‚Äçü¶∞ Breakfast,,noun.meal,017cd391-c59e-0000-c46c-e02f0ecf85e3,2021-10-30T23:38:32+00:00
üë´üèª Wake Up,,alarm.fill,017cd391-c539-0000-7f83-2fb28b9564dd,2021-10-30T23:38:15+00:00
üë©üèª‚Äçü¶∞ Breakfast,,noun.meal,017cd391-558a-0000-f92c-377525bb373e,2021-10-30T23:38:00+00:00
English Hw,,doc.fill,017cd391-00b4-0000-46da-25b8a007e95a,2021-10-30T23:37:47+00:00
Wake up! ‚òÄÔ∏èüåÑ,,alarm.fill,017cd391-0dd0-0000-16d4-7c671aa695b9,2021-10-30T23:37:33+00:00
Schlaf gut!,,moon.fill,017cf2cb-8aa9-0000-1cbe-64e5c41853e3,2021-10-30T23:37:21+00:00
ü¶∏üèª‚Äç‚ôÇÔ∏è Meditation,,mdi.relax,017cd390-6381-0000-622d-abd3bfd268f8,2021-10-30T23:37:01+00:00
ü¶∏üèª‚Äç‚ôÇÔ∏è Meditation,,mdi.relax,017cd390-6310-0000-e55a-50be20dabed0,2021-10-30T23:36:54+00:00
Morning ‚õÖÔ∏è,,alarm.fill,017cd390-912f-0000-a350-af29997b6170,2021-10-30T23:36:50+00:00
ü¶∏üèª‚Äç‚ôÇÔ∏è Meditation,,mdi.relax,017cd390-2a2a-0000-5c3e-74403206e0f3,2021-10-30T23:36:50+00:00
ü¶∏üèª‚Äç‚ôÇÔ∏è Meditation,,mdi.relax,017cd390-29c5-0000-4c16-06bb497aa7d7,2021-10-30T23:36:45+00:00
Daily hygiene and makeup,,custom.shower,017cd390-6a0e-0000-00ce-72b228c6aa92,2021-10-30T23:36:42+00:00
üë©üèª‚Äçü¶∞ Breakfast,,noun.meal,017cd38f-f7f4-0000-8396-60d65c7621f7,2021-10-30T23:36:28+00:00
Gym - Incline Walking üèÉüèΩ‚Äç‚ôÄÔ∏è ,,custom.dumbbell,017cd38f-b2da-0000-d6b1-384c4783e108,2021-10-30T23:36:17+00:00
Partyyyyyyyyyy,,noun.party,017cf2cb-8a56-0000-e2ca-58fe26a11a46,2021-10-30T23:36:10+00:00
Wake up!,,alarm.fill,017cd38f-b0aa-0000-a5e2-60c032cbadd8,2021-10-30T23:36:09+00:00
Aufwachen!,,alarm.fill,017cd38f-cb1f-0000-ff40-40393cc0dcb1,2021-10-30T23:36:04+00:00
Shower üöø,,custom.shower,017cd38f-b26c-0000-2e18-7ecc177df0fd,2021-10-30T23:36:02+00:00
Marketing ,en,chart.bar.fill,017cd534-317e-0002-340f-b5593dd8b71b,2021-10-30T23:35:39.952000+00:00
work on wide reading ,,newspaper.fill,017cd38f-1175-0000-7080-a1c499a97feb,2021-10-30T23:35:39+00:00
üë©üèª‚Äçü¶∞ Lunch,,noun.meal,017cd38f-80af-0000-5576-6b0a6e107acc,2021-10-30T23:35:39+00:00
Get ready for work üíÑ,,briefcase.fill,017cd38f-38da-0000-5edc-b2e9d0ec8bc7,2021-10-30T23:35:39+00:00
Alistarse ,,custom.hairdryer,017cd38f-37ad-0000-20b3-7710db82d7de,2021-10-30T23:35:35+00:00
üë©üèª‚Äçü¶∞ Relax,,tv.fill,017cd38e-ef6d-0000-2220-28c63c78e1a6,2021-10-30T23:35:10+00:00
Go to the cr√™perie! ,,noun.coffee,017cd38e-7103-0000-99cf-ed1d8c5dd8a4,2021-10-30T23:34:59+00:00
Work,,briefcase.fill,017cd38e-87c6-0000-41c9-34710e0b4b5e,2021-10-30T23:34:54+00:00
Wake up!,en,alarm.fill,017cd534-317a-0002-06f1-ddd88a740190,2021-10-30T23:34:50.952000+00:00
Work üíº,,speedometer,017cd38e-4e8e-0000-c7f5-b13cc98ff9fc,2021-10-30T23:34:50+00:00
‚Äúself care‚Äù reel,,video.fill,017cd38e-2db1-0000-933e-23f858df2f3f,2021-10-30T23:34:27+00:00
Wake up!,,alarm.fill,017cd38d-e6e6-0000-9ec4-38cc9f85a05b,2021-10-30T23:34:23+00:00
Albert Heijn ,,noun.meal,017cd38d-ea4d-0000-b825-eeb8a13abde3,2021-10-30T23:34:20+00:00
Katzenklo komplett s√§ubern ,,custom.cat,017cd38d-b1eb-0000-dc2f-41df193dddfd,2021-10-30T23:34:10+00:00
Shower and get ready ,,wand.and.stars,017cd38d-cf65-0000-b529-38771f85f053,2021-10-30T23:34:08+00:00
Katzenklo komplett s√§ubern ,,custom.cat,017cd38d-b17d-0000-d44b-c80e7d8f5e49,2021-10-30T23:33:56+00:00
üë©üèª‚Äçü¶∞ Teeth & Face,,custom.toothbrush,017cd38d-7f37-0000-0572-b9d1fb0d9089,2021-10-30T23:33:53+00:00
üë©üèª‚Äçü¶∞ Read Until Bedtime,,book.fill,017cd38d-7eec-0000-e594-3a05cae5903f,2021-10-30T23:33:44+00:00
Wake up!,,alarm.fill,017cd38d-5a1d-0000-3058-bf082f9a0e5d,2021-10-30T23:33:42+00:00
‚Äúworking on me‚Äù reel ,,video.fill,017cd38d-45f1-0000-e4b3-ab5cfb7eece5,2021-10-30T23:33:39+00:00
HALLOWEEN ,,star.fill,017cd38d-3ac3-0000-96b6-7b2c5a1ff860,2021-10-30T23:33:30+00:00
üë´üèª Bed,,bed.double.fill,017cd38d-3096-0000-b58c-2018e6e8241e,2021-10-30T23:33:26+00:00
Gym - Weight Training üèãÔ∏è,,custom.dumbbell,017cd38c-f095-0000-c81c-4d0fa5a62695,2021-10-30T23:33:17+00:00
‚Äúself care‚Äù reel,,video.fill,017cd38c-c712-0000-6225-1ff546721d4d,2021-10-30T23:33:01+00:00
‚Äúworking on me‚Äù reel ,,video.fill,017cd38c-c6a9-0000-c611-3348c17bbb0a,2021-10-30T23:32:51+00:00
Sleep Well!,,moon.zzz.fill,017cd38c-b5fc-0000-5bad-0dad82eef827,2021-10-30T23:32:44+00:00
üë´üèª Wake Up,,alarm.fill,017cd38c-ba6e-0000-1a8b-36db6c0a3f04,2021-10-30T23:32:43+00:00
get ready for sunday dinner,,custom.cooking,017cd38c-7236-0000-e54a-f48da6a56430,2021-10-30T23:32:43+00:00
get ready for sunday dinner,,custom.cooking,017cd700-f4c2-0000-71fc-e475543aa918,2021-10-30T23:32:43+00:00
Sleep Well!,,moon.zzz.fill,017cd38c-376a-0000-c17e-0c67c1504247,2021-10-30T23:32:34+00:00
Check fasfa ,,text.badge.checkmark,017cd38c-6fc1-0000-edd1-beca4e75f52a,2021-10-30T23:32:26+00:00
Sleep Well!,,moon.zzz.fill,017cd38c-371d-0000-4e87-83d1543def53,2021-10-30T23:32:26+00:00
‚Äúself care‚Äù reel,,video.fill,017cd38c-58db-0000-0c4e-140f66727497,2021-10-30T23:32:24+00:00
Make up,,wand.and.stars,017cf2cb-899c-0000-339b-e692c7687dca,2021-10-30T23:32:22+00:00
Clean All ,,house.fill,017cd38c-036f-0000-b32d-05b1b6a0c98c,2021-10-30T23:32:18+00:00
Check fasfa ,,text.badge.checkmark,017cd38b-faa3-0000-3a34-a9ed3143e4e1,2021-10-30T23:32:16+00:00
Get Ready ,,comb.fill,017cd38b-f84f-0000-4f87-cedc23c5ed67,2021-10-30T23:32:09+00:00
Pack for Bristol,,briefcase.fill,017cd38c-1665-0000-6081-1851965025c4,2021-10-30T23:32:06+00:00
Fris√∂r ,,comb.fill,017cd38b-e1dd-0000-086b-afd6eb94aea2,2021-10-30T23:31:58+00:00
Pray+Rituals,,mdi.relax,017cd38b-d2dd-0000-a602-b87fbf44013d,2021-10-30T23:31:52+00:00
Wake up,,alarm.fill,017cd38b-db31-0000-51c3-537a27eaa4ed,2021-10-30T23:31:44+00:00
SprzƒÖtanie,,arrow.3.trianglepath,017cd38b-8175-0000-4507-ecfc3cff4c14,2021-10-30T23:31:43+00:00
Ibet here ,,person.fill,017cd38b-5e72-0000-2e26-2c24eb2c7791,2021-10-30T23:31:35+00:00
sort out calendar ,,calendar,017cd38b-27ed-0000-1fb2-70fbd1b5f7a4,2021-10-30T23:31:23+00:00
Sleep Well! üí§ ,,moon.fill,017cd38b-1a55-0000-91ca-fb9aee8bfa78,2021-10-30T23:31:08+00:00
Shower,,custom.shower,017cd38a-e293-0000-62b9-71af2f8e4db8,2021-10-30T23:31:04+00:00
HSYP8103 Final Paper Introduction,,keyboard,017cd38a-2de1-0000-c78f-5b4127103800,2021-10-30T23:30:20+00:00
Chinese,,custom.language,017cd389-f826-0000-1bb2-3b2613c2113b,2021-10-30T23:29:58+00:00
Geschenk basteln,,gift.fill,017cd38a-1b06-0000-9dd7-67c22bcc7c2b,2021-10-30T23:29:53+00:00
ECON8015 Week 9 Notes,,pencil.and.outline,017cd389-b862-0000-8281-b466f2563c5c,2021-10-30T23:29:40+00:00
To√°n,,x.squareroot,017cd389-98b2-0000-b56c-d78801ff3d38,2021-10-30T23:29:40+00:00
Chillen,,mdi.couch,017cd389-a4fb-0000-b529-b669c260f42c,2021-10-30T23:29:25+00:00
Mamas Geburtstag ,,noun.party,017cd389-302e-0000-0352-d6d97dcbb561,2021-10-30T23:29:09+00:00
get ready,,comb.fill,017cd389-766f-0000-b497-029c1fcfff7b,2021-10-30T23:29:06+00:00
Wake up!,,alarm.fill,017cd389-4314-0000-a9dd-02556a3b96b9,2021-10-30T23:29:05+00:00
Wake up!,,alarm.fill,017cd388-c7ad-0000-7132-67b8459f5e6c,2021-10-30T23:28:36+00:00
Pay and MTD,,briefcase.fill,017cd388-d553-0000-c582-21b6ee319460,2021-10-30T23:28:33+00:00
School,,atom,017cd388-59ec-0000-671c-b8aa9b4939ae,2021-10-30T23:28:12+00:00
Cady&Duke Walk,,custom.dog,017cd388-42f5-0000-81a7-285be0db7652,2021-10-30T23:28:04+00:00
‚Äúworking on me‚Äù reel ,,video.fill,017cd388-3aa6-0000-06e7-743625c73cef,2021-10-30T23:27:58+00:00
Cady&Duke Walk,,custom.dog,017cd388-180a-0000-61c9-52a750327aa8,2021-10-30T23:27:51+00:00
Gym - Weight Training,,noun.coffee,017cd387-e6ba-0000-f074-0cd19f3a61a9,2021-10-30T23:27:47+00:00
Sisihin Canang ,,hand.raised.fill,017cd388-1ff2-0000-f74f-985f6dd2d2c3,2021-10-30T23:27:47+00:00
Gym - Weight Training,,noun.coffee,017cd387-6ece-0000-d8d9-447026940b17,2021-10-30T23:27:13+00:00
Tea ,,noun.coffee,017cd387-6e31-0000-3f82-7cde007fefbd,2021-10-30T23:27:00+00:00
Wake up!,,alarm.fill,017cd387-0165-0000-f71e-bb55262c99c6,2021-10-30T23:26:50+00:00
Work,,briefcase.fill,017cd386-fb8e-0000-0ba8-cc7f4a277efa,2021-10-30T23:26:34+00:00
Get Ready,,comb.fill,017cd386-ef8c-0000-2086-70aae276245e,2021-10-30T23:26:31+00:00
Journaling,,text.badge.checkmark,017cd386-c064-0000-2fe3-7f4793fc0a84,2021-10-30T23:26:28+00:00
Get ready for work,,comb.fill,017cd386-fd15-0000-08f4-7ea4280a3341,2021-10-30T23:26:23+00:00
Remembrance Day,,calendar,017cd3ca-8e69-0000-a3dc-5211858e7715,2021-10-30T23:26:20+00:00
Remembrance Day,,calendar,017cd386-99f9-0000-a371-8a8e71667052,2021-10-30T23:26:20+00:00
Sisihin Canang ,,hand.raised.fill,017cd386-9242-0000-bc40-d966772a6b60,2021-10-30T23:26:18+00:00
Get ready for work,,comb.fill,017cd386-83d2-0000-bd5f-a9d8f0c764ad,2021-10-30T23:26:03+00:00
Get ready!!!,,comb.fill,017cd386-5ccf-0000-68cf-550a53c71e7a,2021-10-30T23:25:59+00:00
Sisihin Canang ,,hand.raised.fill,017cd386-4b49-0000-673a-05aa4db14e35,2021-10-30T23:25:55+00:00
Call Nan,,figure.wave,017cd385-f17f-0000-b2f5-d161c0964d29,2021-10-30T23:25:35+00:00
Przygotowanie imprezy,,mdi.running,017cd385-d4b8-0000-1c69-433476311eed,2021-10-30T23:25:23+00:00
Fizyka ,,mdi.school,017cd385-af24-0000-65c5-000256eefbc1,2021-10-30T23:25:19+00:00
relax & grab food,,exclamationmark.triangle.fill,017cd385-7a1f-0000-4384-bc7b7bce4692,2021-10-30T23:25:09+00:00
Dress,,person.fill,017cd385-8ef3-0000-770d-690fb3c954ef,2021-10-30T23:25:04+00:00
Breakfast,,noun.coffee,017cd385-9bef-0000-4041-32674524459c,2021-10-30T23:24:57+00:00
Odpoczynek,,noun.party,017cd385-aebf-0000-82ad-929c4505d142,2021-10-30T23:24:56+00:00
Sleep Well!,,moon.fill,017cd385-2fc9-0000-55a6-7902ae876de6,2021-10-30T23:24:51+00:00
Sleep Well!,,moon.fill,017cd385-2f60-0000-09de-2cc3a7491a00,2021-10-30T23:24:44+00:00
Pojechanie do sklepu ,,cart.fill,017cd385-5f49-0000-f8c2-2b6b497de2a8,2021-10-30T23:24:43+00:00
Breakfast,,noun.coffee,017cd384-8621-0000-523a-3a5f2a439c83,2021-10-30T23:24:05+00:00
Ogarniƒôcie siƒô ,,wand.and.stars,017cd384-7503-0000-fa14-587bc331da62,2021-10-30T23:24:05+00:00
Boxing Day Bank Holiday,,calendar,017cd384-6efd-0000-fc58-baca6ad91461,2021-10-30T23:24:03+00:00
Przebierz siƒô,,photo.fill,017cd384-c46c-0000-530b-dc37e70b505c,2021-10-30T23:23:59+00:00
Christmas Bank Holiday,,calendar,017cd384-6e17-0000-e507-4925ea111daa,2021-10-30T23:23:56+00:00
Breakfast,,noun.coffee,017cd384-36c8-0000-5ba0-3d02ff2873a6,2021-10-30T23:23:49+00:00
Boxing Day,,calendar,017cd384-1c7e-0000-d31e-1c10c70688c5,2021-10-30T23:23:23+00:00
Halloween,,person.3.fill,017cd383-ffb6-0000-f361-649826b7ddcd,2021-10-30T23:23:16+00:00
Wake up!,,alarm.fill,017cd383-b320-0000-d6f1-9c3806420028,2021-10-30T23:23:14+00:00
Christmas Eve,,calendar,017cd383-d12b-0000-7c2b-15df123393c8,2021-10-30T23:23:12+00:00
Wiolonczela,,music.note,017cd383-db8a-0000-3a8c-59160f1a38ac,2021-10-30T23:22:58+00:00
Sleep Well!,,moon.fill,017cd383-c719-0000-a6fe-31142310b288,2021-10-30T23:22:54+00:00
St Andrew‚Äôs Day (Scotland),,calendar,017cd383-6191-0000-9cd4-fea2ae27c063,2021-10-30T23:22:51+00:00
Journaling,,text.badge.checkmark,017cd383-8c25-0000-5d59-add441833236,2021-10-30T23:22:46+00:00
SprzƒÖtaj,,trash.fill,017cd383-649d-0000-bd36-a1153179a17a,2021-10-30T23:22:41+00:00
breakfast,,noun.coffee,017cd383-42dd-0000-d019-1a2d1cdb585f,2021-10-30T23:22:37+00:00
Schlaf gut!,de,moon.fill,017cd8fa-61cd-0004-d6bc-4fd44a2a2b90,2021-10-30T23:22:04.039000+00:00
go to work,,figure.walk,017cd382-962e-0000-a3d7-d0bf46c91736,2021-10-30T23:21:56+00:00
Sleep Well!,,moon.fill,017cd382-d444-0000-5329-a5cdf091a023,2021-10-30T23:21:54+00:00
Naiya?,,person.3.fill,017cd382-cf85-0000-e222-d58a17b331bb,2021-10-30T23:21:51+00:00
golf,,bandage.fill,017cd382-971a-0000-80e4-f601d468729d,2021-10-30T23:21:45+00:00
breakfast,,noun.coffee,017cd381-fdba-0000-5fce-bf11f820d033,2021-10-30T23:21:23+00:00
Aufwachen!,,alarm.fill,017cf2cb-878e-0000-92d3-a55107a4d2b1,2021-10-30T23:21:14+00:00
Aufwachen!,,alarm.fill,017cd381-a7b0-0000-4b62-fc5b5005353c,2021-10-30T23:20:53+00:00
reifen und Cabrio Putzen,de,car.fill,017cd8fa-619b-0000-3e25-d21f89247c9f,2021-10-30T23:20:42.039000+00:00
Natural source of gaba ,,wand.and.stars,017cd381-9608-0000-e34b-22eccdbf33e8,2021-10-30T23:20:41+00:00
Aufwachen!,de,alarm.fill,017cd8fa-6170-0002-73b1-554153f04629,2021-10-30T23:19:46.039000+00:00
Wake up!,,alarm.fill,017cd380-e633-0000-3f03-ed8c4b57f7ef,2021-10-30T23:19:46+00:00
Party time!!!,,noun.party,017cd380-8ca1-0000-0779-90bafe9f5581,2021-10-30T23:19:42+00:00
Wake up!,,alarm.fill,017cd37f-cd94-0000-6210-dc7932fc7ae5,2021-10-30T23:18:58+00:00
Eten koken,,custom.cooking,017cd380-02a1-0000-6b0d-74abeb074802,2021-10-30T23:18:57+00:00
Wake up!,,alarm.fill,017cd37f-b795-0000-7a36-d79758cba637,2021-10-30T23:18:53+00:00
Wake up!,,alarm.fill,017cd37f-a9f2-0000-b785-7846e1cc02e9,2021-10-30T23:18:38+00:00
Take Booksta pics,,book.fill,017cd37f-2212-0000-e47f-df8eaa6d47d9,2021-10-30T23:18:16+00:00
Take Booksta pics,,book.fill,017cd37f-21cc-0000-661d-5d6b917ede38,2021-10-30T23:18:10+00:00
Read,,book.fill,017cd37e-ecdb-0000-668a-d32c316c2ab7,2021-10-30T23:17:48+00:00
Chengdu Marathon,,mdi.running,017cd37e-b66e-0000-e58b-34b2e02b6391,2021-10-30T23:17:47+00:00
Journaling ü•∞,,book.fill,017cd37e-fda4-0000-2052-8972ba4cd9af,2021-10-30T23:17:43+00:00
Take Booksta pics,,book.fill,017cd37e-7607-0000-1e31-a69edde92c62,2021-10-30T23:17:24+00:00
Êó©È§ê,,noun.meal,017cd3ce-1c93-0000-b0bd-593a95fa16e0,2021-10-30T23:17:05+00:00
Flashfood,,cart.fill,017cd37d-d5a6-0000-108b-f5162a8a9801,2021-10-30T23:16:46+00:00
Sleep Well!,,moon.fill,017cd37d-a667-0000-7a2c-174ac75fd429,2021-10-30T23:16:39+00:00
Wakker worden!,,alarm.fill,017cd37d-54aa-0000-02bb-361e135e4fa5,2021-10-30T23:16:18+00:00
Nikki Halen,,car.fill,017cd37d-bb22-0000-44a2-a04186122d9c,2021-10-30T23:16:14+00:00
D√©p√¥t ch√®ques,,dollarsign.circle.fill,017cd37d-66f5-0000-091a-10796fce8f4a,2021-10-30T23:15:55+00:00
Life shit,,lightbulb.fill,017cd37d-1623-0000-16a7-3128134c5700,2021-10-30T23:15:47+00:00
Êó©È§ê,,noun.meal,017cd3ce-1ad2-0000-7746-6e338802c020,2021-10-30T23:15:45+00:00
Church,,hand.thumbsup.fill,017cd37c-ff86-0000-1f09-24ef9fe35187,2021-10-30T23:15:35+00:00
Life shit,,lightbulb.fill,017cd37c-a0ba-0000-81a3-d33d2637fb44,2021-10-30T23:15:29+00:00
Sleep Well!,,moon.fill,017cd37c-799e-0000-1e61-b9831d7cfa86,2021-10-30T23:15:09+00:00
Life shit,,lightbulb.fill,017cd37c-2b9b-0000-ea11-f0397080e455,2021-10-30T23:14:47+00:00
andare in stazio,,mdi.bus,017cd37b-8dc4-0000-cc84-60e57be56574,2021-10-30T23:14:12+00:00
Wake up!,,alarm.fill,017cd37b-5164-0000-6625-3182bd27b837,2021-10-30T23:14:04+00:00
Get ready for work,,briefcase.fill,017cd37b-0cf7-0000-d093-217bb2df0a34,2021-10-30T23:13:49+00:00
Beo a roma ,,heart.fill,017cd37b-1f09-0000-e522-b468a6898936,2021-10-30T23:13:45+00:00
Sleep Well!,,moon.fill,017cd37b-01e5-0000-0935-0e15cbcd3057,2021-10-30T23:13:41+00:00
Shower,,custom.shower,017cd37a-ed34-0000-3745-94a8c87db08c,2021-10-30T23:13:38+00:00
Get on animal crossing ,,desktopcomputer,017cd3a5-be0b-0000-5dac-ab8f76ba9d0f,2021-10-30T23:59:59+00:00
get ready,,custom.shower,017cd3a5-640e-0000-c10c-f48984299a9c,2021-10-30T23:59:54+00:00
create physical customer journey map,,mdi.mountain,017cd3a5-3a07-0000-1ffa-38d3fa7f9db8,2021-10-30T23:59:48+00:00
Health & Med course,,custom.chemistry,017cd3a5-732f-0000-8344-36b10cad124c,2021-10-30T23:59:48+00:00
‚Äî‚Äî‚Äî Learning Time ‚Äî‚Äî‚Äî,,book.fill,017cd3a5-2c46-0000-dc93-030e46d6f98e,2021-10-30T23:59:46+00:00
get ready,,custom.shower,017cd3a5-639f-0000-89cd-babb533f76ae,2021-10-30T23:59:42+00:00
Lunch Time,,noun.meal,017cd3a5-20e7-0000-117c-f2d8078af8e6,2021-10-30T23:59:37+00:00
ÊåâÁîµËØù,,headphones,017cd3a5-45ae-0000-c935-a3c11f49995c,2021-10-30T23:59:33+00:00
get ready,,custom.shower,017cd3a5-073b-0000-c30e-3678fadbe94f,2021-10-30T23:59:26+00:00
Dinner + clean up,,noun.meal,017cd3a4-e726-0000-d0e8-3fc695908d6f,2021-10-30T23:59:24+00:00
Wake up!,en,alarm.fill,017cd534-3f68-0001-33c3-7fb34349cff5,2021-10-30T23:59:21.500000+00:00
Lunch Time,,noun.meal,017cd3a5-0045-0000-b7ba-746c0d1b54a6,2021-10-30T23:59:21+00:00
Update your office records,,briefcase.fill,017cd3a4-acc2-0000-abb0-936ab422a5c7,2021-10-30T23:59:15+00:00
Pflegen ,,custom.shower,017cd3a4-ac5a-0000-47ff-fe19da7f6df6,2021-10-30T23:59:13+00:00
ÂÜ≤Âáâ,,custom.hairdryer,017cd3a4-d0c1-0000-c6ca-5f9870a86372,2021-10-30T23:59:09+00:00
Bastwald Elektro & Papier wegbringen,,trash.fill,017cd3a4-d1cb-0000-1e98-63c9271480a1,2021-10-30T23:59:07+00:00
L√§ggdags!,,moon.zzz.fill,017cd3a4-b5cf-0000-7b26-47b30b2a6ad9,2021-10-30T23:59:05+00:00
Wake up!,en,alarm.fill,017cd534-3f54-0002-5ab1-e1564f1b7926,2021-10-30T23:59:03.500000+00:00
Wake up!,,alarm.fill,017cd3a4-d3b2-0000-3f27-288416143a9e,2021-10-30T23:58:57+00:00
Bastwald Elektro & Papier wegbringen,,trash.fill,017cd3a4-5bcc-0000-0a7a-1a6aa361a804,2021-10-30T23:58:55+00:00
Sleep Well!,,moon.fill,017cd3a4-9192-0000-e165-86731ca3324d,2021-10-30T23:58:53+00:00
Sleep Well!,en,moon.fill,017cd534-3f52-0002-2171-8241459130bf,2021-10-30T23:58:47.500000+00:00
Update your office records,,briefcase.fill,017cd3a4-393d-0000-f835-335db6661359,2021-10-30T23:58:33+00:00
Âá∫Âèë,,car.fill,017cd3a4-5b7a-0000-e8cd-dbced6b6ea0d,2021-10-30T23:58:32+00:00
Âá∫Âèë,,car.fill,017cd3a3-ef57-0000-9db9-88b050132286,2021-10-30T23:58:23+00:00
Âá∫Âèë,,car.fill,017cd3a3-ef05-0000-e16e-b15363a04f9b,2021-10-30T23:58:19+00:00
Lunch Time,,noun.meal,017cd3a3-c31c-0000-b30b-a6c7a0912c93,2021-10-30T23:58:11+00:00
Sleep Well!,,moon.fill,017cd3a4-06b1-0000-2f80-763241add920,2021-10-30T23:58:11+00:00
Night Care,,custom.toothbrush,017cd3a3-ba33-0000-dca1-3a482d25e0cc,2021-10-30T23:58:11+00:00
work,,dollarsign.circle.fill,017cd3a3-c44b-0000-7100-68ec2bd7c50e,2021-10-30T23:57:45+00:00
Gym 2,,custom.dumbbell,017cd3a3-4d03-0000-c339-aea3b5854bfc,2021-10-30T23:57:42+00:00
Spendit Log,,newspaper.fill,017cd3a3-a88d-0000-e018-cc2ad8fb833d,2021-10-30T23:57:41+00:00
L√§ggdags!,,moon.zzz.fill,017cd3a3-5623-0000-d431-e65417f74c9e,2021-10-30T23:57:37+00:00
Morning Routine,,custom.shower,017cd3a3-4fb1-0000-4b67-e21b61f7a03d,2021-10-30T23:57:36+00:00
Sleep Well!,,moon.fill,017cd3a3-29ae-0000-67a3-bed55cdb84d6,2021-10-30T23:57:36+00:00
Wake up!,,alarm.fill,017cd3a3-2de6-0000-4f32-e6b8590cc8dd,2021-10-30T23:57:33+00:00
Meal prep (600-800cals),,noun.meal,017cd3a3-1085-0000-4056-c3632ea41da3,2021-10-30T23:57:31+00:00
"Log repeat: 1,2,4",en,newspaper.fill,017cd534-3f2b-0001-cdb0-3118ed136ef9,2021-10-30T23:57:29.500000+00:00
Spendit Log,,newspaper.fill,017cd3a3-2ad1-0000-cdef-7c8fb77bbab7,2021-10-30T23:57:29+00:00
G√§ste kommen ,,person.2.fill,017cd3a3-70ca-0000-af6a-be589e425ed1,2021-10-30T23:57:28+00:00
Fensterb√§nke Neugasse: Folienmuster aussuchen & bestellen,,hammer.fill,017cd3a3-7125-0000-9a1e-d1e7496be58d,2021-10-30T23:57:27+00:00
Spendit Log,,newspaper.fill,017cd3a3-2a6d-0000-9645-9b3967973314,2021-10-30T23:57:20+00:00
workout,,custom.dumbbell,017cd3a3-2d5c-0000-06a2-f9f6e30939f0,2021-10-30T23:57:18+00:00
Gym 1,,custom.dumbbell,017cd3a2-c5b3-0000-dd18-251b48d6a054,2021-10-30T23:57:12+00:00
Lunch Time,,noun.meal,017cd3a2-d78e-0000-ea94-ce0cc8abe6c5,2021-10-30T23:57:10+00:00
Lunch ,,sun.max.fill,017cd3a2-e8b4-0000-ea16-be6c4084dfc5,2021-10-30T23:57:07+00:00
workout,,custom.dumbbell,017cd3a2-b54b-0000-4e8e-a354a851015f,2021-10-30T23:57:05+00:00
essen ,,noun.meal,017cd3a2-d7bc-0000-4168-10f1daf12390,2021-10-30T23:57:01+00:00
create physical customer journey map,,mdi.mountain,017cd3a2-8886-0000-6b4b-e74f7960220e,2021-10-30T23:56:56+00:00
Read ‚ÄúFinTech Landing‚Äù paper,,doc.fill,017cd3a2-e85c-0000-58fd-716557439910,2021-10-30T23:56:53+00:00
Dachboden abdichten,,hammer.fill,017cd3a2-8706-0000-9d37-0ed44cda2905,2021-10-30T23:56:41+00:00
Sugaringwax Report,,doc.fill,017cd3a2-be1c-0000-e001-9f70296e0110,2021-10-30T23:56:40+00:00
chillen ,,mdi.couch,017cd3a2-641c-0000-aaec-0b9366681e20,2021-10-30T23:56:33+00:00
Wake up!,,alarm.fill,017cd3a2-20b0-0000-1b39-9bbe2cb77466,2021-10-30T23:56:27+00:00
Sugaringwax Report,,doc.fill,017cd3a2-4936-0000-484f-af0432fe05c1,2021-10-30T23:56:25+00:00
"Mao repeat: 0,1,2",en,newspaper.fill,017cd534-3a4f-0001-0664-975c8fc7c2bc,2021-10-30T23:56:21.093000+00:00
Wake up!,,alarm.fill,017cd3a2-2051-0000-4209-a688a1312466,2021-10-30T23:56:21+00:00
Take a shower ,,custom.toothbrush,017cd3a2-3367-0000-4a55-d59aca2b438f,2021-10-30T23:56:19+00:00
God morgon!,,sun.max.fill,017cd3a1-f692-0000-98e5-ac5ae98ed6aa,2021-10-30T23:56:15+00:00
Leave for work,,car.fill,017cd3a2-3204-0000-9afe-50d9fb28f659,2021-10-30T23:56:13+00:00
workout,,custom.dumbbell,017cd3a1-d10b-0000-8345-65a93f7fe8a3,2021-10-30T23:56:06+00:00
Nagel Termin ,,bandage.fill,017cd3a1-9c09-0000-6f74-0a578114a539,2021-10-30T23:55:53+00:00
Reproduce Volve Bug,,tv.fill,017cd3a1-d3cf-0000-6ef7-57834db34ac4,2021-10-30T23:55:52+00:00
Take a shower ,,custom.toothbrush,017cd3a1-e300-0000-cc54-b569213090aa,2021-10-30T23:55:51+00:00
workout,,custom.dumbbell,017cd3a1-d0c6-0000-4263-94f297ecd69b,2021-10-30T23:55:50+00:00
Sleep Well!,,moon.fill,017cd3a1-7a7b-0000-814a-5174cfc7b2e8,2021-10-30T23:55:41+00:00
Morning walk,,figure.walk,017cd3a1-bcac-0000-01b5-ce52ab9545ef,2021-10-30T23:55:34+00:00
workout,,custom.dumbbell,017cd3a1-4fd2-0000-d656-8be7485e241a,2021-10-30T23:55:32+00:00
Painting class,,paintbrush.pointed.fill,017cd3a1-4d02-0000-1a60-a26f359db73f,2021-10-30T23:55:26+00:00
‡πÄ‡∏•‡πà‡∏ô‡πÇ‡∏ó‡∏£‡∏®‡∏±‡∏û‡∏ó‡πå,,phone.fill,017cd3a1-574a-0000-299f-8f25e780549c,2021-10-30T23:55:16+00:00
Wake up!,,alarm.fill,017cd3a1-4f8c-0000-d573-86f0d465126f,2021-10-30T23:55:13+00:00
buy new wigsbuy new wigs,,heart.fill,017cd3a0-f280-0000-c0a8-8d28c3f8f927,2021-10-30T23:55:09+00:00
‡πÄ‡∏•‡πà‡∏ô‡πÇ‡∏ó‡∏£‡∏®‡∏±‡∏û‡∏ó‡πå,,phone.fill,017cd3a0-e178-0000-889d-95d634cd1d88,2021-10-30T23:55:07+00:00
Gymtimeü§∏üèΩ Zumba,,custom.dumbbell,017cd3a1-0291-0000-a407-c31567f8f5c2,2021-10-30T23:55:07+00:00
Wake up!,,alarm.fill,017cd3a0-e878-0000-3550-5b7d2dc724fa,2021-10-30T23:55:06+00:00
Update your office records,,briefcase.fill,017cd3a1-0434-0000-c604-120aeec8ad60,2021-10-30T23:55:04+00:00
Sleep Well!,,moon.fill,017cd3a0-e7c3-0000-3352-3fb6f524123a,2021-10-30T23:55:00+00:00
Wake up!,,alarm.fill,017cd3a0-d51f-0000-28c9-db3155fc992a,2021-10-30T23:54:59+00:00
Lucas f√∂delsedag,,gift.fill,017cd3a1-1478-0000-d056-89fb14204e2a,2021-10-30T23:54:56+00:00
Verkaufsoffener Sonntag Alsfeld,,cart.fill,017cd3a0-b250-0000-d479-765c20637cc0,2021-10-30T23:54:56+00:00
‡πÄ‡∏•‡πà‡∏ô‡πÇ‡∏ó‡∏£‡∏®‡∏±‡∏û‡∏ó‡πå,,phone.fill,017cd3a0-bae7-0000-00b8-4432c531150e,2021-10-30T23:54:54+00:00
Morning Routine,,custom.shower,017cd3a1-03b7-0000-8725-2edfc3a99216,2021-10-30T23:54:52+00:00
workout,,custom.dumbbell,017cd3a0-d4cf-0000-f2ee-4939929194a5,2021-10-30T23:54:42+00:00
‡πÄ‡∏•‡πà‡∏ô‡πÇ‡∏ó‡∏£‡∏®‡∏±‡∏û‡∏ó‡πå,,phone.fill,017cd3a0-ba78-0000-ae1b-56a4b06e5968,2021-10-30T23:54:40+00:00
buy new wigs,,heart.fill,017cd3a0-7d49-0000-c810-2127284b00d3,2021-10-30T23:54:37+00:00
Lucas f√∂delsedag,,gift.fill,017cd3a0-9725-0000-7db9-01ca50c8fd5d,2021-10-30T23:54:34+00:00
Boot Camp,,custom.dumbbell,017cd3a0-4924-0000-6360-2b3ec0cf2364,2021-10-30T23:54:28+00:00
Clean the room,,wand.and.stars,017cd3a0-968b-0000-5c2e-ba4a9ad1bae0,2021-10-30T23:54:26+00:00
Wake up,,sun.max.fill,017cd3a0-8c0b-0000-ab19-054873551b52,2021-10-30T23:54:16+00:00
Clean the room,,wand.and.stars,017cd3a0-217a-0000-f61f-c6efdea7fe05,2021-10-30T23:54:15+00:00
Schlaf gut!,,moon.fill,017cd3a0-3d2e-0000-d292-79b4219e7c3f,2021-10-30T23:54:11+00:00
Painting class,,paintbrush.pointed.fill,017cd39f-fd2a-0000-a64c-020010a3257e,2021-10-30T23:53:57+00:00
essen ,,noun.meal,017cd3a0-1843-0000-1c7c-f833c0d5abe1,2021-10-30T23:53:51+00:00
Soutenance cr√©a,,mdi.school,017cd628-e796-0000-73da-2ce9a4ce9013,2021-10-30T23:53:51+00:00
Trial exam,en,pencil.and.outline,017cd534-3a3b-0002-4b83-69486749eb6d,2021-10-30T23:53:46.093000+00:00
"finish repaying ¬£1,500 overdraft",,dollarsign.circle.fill,017cd39f-92b8-0000-7a30-7e9fadb12274,2021-10-30T23:53:41+00:00
Soutenance cr√©a,,mdi.school,017cd628-e72b-0000-37b9-9f17457c0ec3,2021-10-30T23:53:39+00:00
Fr√ºhst√ºck,,noun.coffee,017cd39f-c7ce-0000-533f-57a3665f28e5,2021-10-30T23:53:38+00:00
‡∏Å‡∏¥‡∏ô‡∏Ç‡πâ‡∏≤‡∏ß,,noun.meal,017cd39f-829a-0000-aecd-9278ee17825c,2021-10-30T23:53:33+00:00
‡∏≠‡∏≤‡∏ö‡∏ô‡πâ‡∏≥ ,,custom.shower,017cd39f-5a86-0000-faf5-de4be0508b42,2021-10-30T23:53:22+00:00
Duerme bien!,,moon.fill,017cd39f-3d78-0000-7976-a20ce0bff05c,2021-10-30T23:53:16+00:00
Masterplan Geschenke Weihnachten & Geburtstag anlegen,,gift.fill,017cd39f-5298-0000-d4e8-3490533dda61,2021-10-30T23:53:07+00:00
Masterplan Geschenke Weihnachten & Geburtstag planen,,gift.fill,017cd39e-ddb2-0000-eb9c-0e4e0f807253,2021-10-30T23:52:54+00:00
Update your office records,,briefcase.fill,017cd39f-44ea-0000-5f3d-a568d5c92215,2021-10-30T23:52:47+00:00
Nap,,zzz,017cd39f-04a8-0000-2a64-36ca9103dd26,2021-10-30T23:52:46+00:00
Wake up!,,alarm.fill,017cd39e-d6b5-0000-5416-b23b72581554,2021-10-30T23:52:45+00:00
Wake up!,,alarm.fill,017cd39f-0a63-0000-aed0-ac5414e2f052,2021-10-30T23:52:39+00:00
take poppy for a walk,,custom.dog,017cd39e-9e10-0000-e54e-4cf48ad1eb9e,2021-10-30T23:52:39+00:00
Geschenke Weihnachten & Geburtstag planen,,gift.fill,017cd39e-dd48-0000-7196-4892dc43e2c3,2021-10-30T23:52:33+00:00
Wake up!,,alarm.fill,017cd39e-887f-0000-0f4d-433d36b2fd88,2021-10-30T23:52:29+00:00
take poppy for a walk,,custom.dog,017cd39e-7ce9-0000-2c27-ff95a899f552,2021-10-30T23:52:29+00:00
take poppy for a walk,,custom.dog,017cd39e-7c8e-0000-e8d9-be283ce69ff0,2021-10-30T23:52:23+00:00
Go to Austin‚Äôs,,car.fill,017cd39e-8753-0000-2cbc-2ddb55a35782,2021-10-30T23:52:23+00:00
Have fun ,,smiley.fill,017cd39e-4be1-0000-65dc-735c67245a88,2021-10-30T23:52:18+00:00
Meditation ,,mdi.relax,017cd39e-4063-0000-bff3-096988180f64,2021-10-30T23:52:12+00:00
‡∏≠‡∏≠‡∏Å‡∏Å‡∏≥‡∏•‡∏±‡∏á‡∏Å‡∏≤‡∏¢,,custom.dumbbell,017cd39d-adb2-0000-259c-85e6c59f934e,2021-10-30T23:51:37+00:00
"Log presentation: 1,2",en,play.rectangle.fill,017cd534-39dd-0000-3dd9-853785675cee,2021-10-30T23:51:26.093000+00:00
Gym 1,,custom.dumbbell,017cd39d-ce81-0000-0c1b-c8a51ae0e9ec,2021-10-30T23:51:21+00:00
do french homework,,custom.language,017cd39d-b389-0000-bc02-136fa2257505,2021-10-30T23:51:19+00:00
Schule ,,mdi.school,017cd39d-5995-0000-251e-cc59c8faca3b,2021-10-30T23:51:14+00:00
sc notes,,bookmark.fill,017cd39d-5148-0000-4c2e-f499021209dd,2021-10-30T23:51:11+00:00
acc mic Ë°•ËØæ,,archivebox.fill,017cd39d-35b5-0000-eb01-ce10eb37b7f3,2021-10-30T23:51:07+00:00
acc mic Ë°•ËØæ,,archivebox.fill,017cd39d-3544-0000-3165-74c46222d130,2021-10-30T23:51:00+00:00
reel ‚Äî morning routine,,video.fill,017cd39c-d454-0000-bbe9-6c2a0ce885ca,2021-10-30T23:50:40+00:00
reel ‚Äî morning routine,,video.fill,017cd39c-d3c2-0000-c4f6-9b1ab43da8e4,2021-10-30T23:50:22+00:00
Night Care,,custom.toothbrush,017cd39c-e8ac-0000-29cd-ddf9971c1f29,2021-10-30T23:50:21+00:00
Wake up!,,alarm.fill,017cd39c-c0ba-0000-0c37-8d7fc8c5874c,2021-10-30T23:50:21+00:00
Shower and get ready,,custom.shower,017cd39c-a1b3-0000-2cce-953cafceeff4,2021-10-30T23:50:16+00:00
ny√•rsafton,,noun.party,017cd39c-78a3-0000-ff3d-105deba32f60,2021-10-30T23:50:15+00:00
Morning Routine,,custom.shower,017cd39c-6e75-0000-5567-9a12a73d2f81,2021-10-30T23:50:10+00:00
. Manger,,noun.meal,017cd628-e344-0000-47c7-5931aced055b,2021-10-30T23:50:10+00:00
Shower and get ready,,custom.shower,017cd39c-a153-0000-2ac3-6f4c4a9a7b54,2021-10-30T23:50:10+00:00
Vorbereitungen Bachelorarbeit,,mdi.school,017cd39c-9361-0000-09c5-f08aeec1bce9,2021-10-30T23:50:01+00:00
Duerme bien!,,moon.fill,017cd39c-4523-0000-1141-7d4d87849e4d,2021-10-30T23:49:55+00:00
Sleep,,moon.zzz.fill,017cd39b-f640-0000-2b57-6f46102bc4f4,2021-10-30T23:49:42+00:00
Marketing ,en,chart.bar.fill,017cd534-3979-0000-d179-cb5d8a216aac,2021-10-30T23:49:39.994000+00:00
Vorbereitungen Bachelorarbeit,,mdi.school,017cd39c-1e2b-0000-eefb-de5d9f3466ec,2021-10-30T23:49:34+00:00
Wake up!,,sunrise.fill,017cd39b-dec1-0000-d09d-cf14eb20c50d,2021-10-30T23:49:28+00:00
Sleep Well!,en,moon.fill,017cd534-395d-0000-99dc-128fea38468e,2021-10-30T23:49:25.994000+00:00
Shower,,custom.shower,017cd39b-a77b-0000-7480-85239a92399e,2021-10-30T23:49:25+00:00
annandag jul,,gift.fill,017cd39b-c713-0000-2a40-4195963013d4,2021-10-30T23:49:24+00:00
Pray ,,mdi.ticket,017cd39b-ab72-0000-692a-3ecf67783ce9,2021-10-30T23:49:24+00:00
Wake up!,,alarm.fill,017cd39b-c924-0000-47e1-2c375eb1c920,2021-10-30T23:49:23+00:00
Pick up Bridesmaid Dress,,star.fill,017cd39b-d248-0000-7cd6-0bd03bca8c45,2021-10-30T23:49:17+00:00
juldagen,,gift.fill,017cd39b-8df4-0000-ce8d-dfcc5b76f399,2021-10-30T23:49:07+00:00
Vorbereitungen Bachelorarbeit,,mdi.school,017cd39b-a90a-0000-3a10-f7b6f7587556,2021-10-30T23:49:05+00:00
learn how to ride a horse,,hand.thumbsup.fill,017cd39b-73e6-0000-d28c-27c3ee11a574,2021-10-30T23:49:01+00:00
Get ready for the day,,custom.toothbrush,017cd39b-5cc2-0000-1c65-40e944570cd9,2021-10-30T23:49:00+00:00
Wake up!,,alarm.fill,017cd39b-49c1-0000-9f22-b01159c3ee49,2021-10-30T23:48:59+00:00
Statistics ,en,chart.pie.fill,017cd534-395b-0001-3184-d7cb9c5dda65,2021-10-30T23:48:58.994000+00:00
Go get Starbucks ,,noun.coffee,017cd39b-4a74-0000-419c-63d3288b450a,2021-10-30T23:48:55+00:00
julafton,,gift.fill,017cd39b-6196-0000-4d6d-f5a62b617923,2021-10-30T23:48:54+00:00
Wake up!,,alarm.fill,017cd39b-35f8-0000-9785-5f3f98976b40,2021-10-30T23:48:49+00:00
Go get Starbucks ,,noun.coffee,017cd39b-0c1b-0000-88a6-34cc206f37fc,2021-10-30T23:48:42+00:00
Wake up!,en,alarm.fill,017cd534-395a-0000-0494-e9fa1b24e142,2021-10-30T23:48:39.994000+00:00
‡∏ó‡∏≥‡∏á‡∏≤‡∏ô,,figure.walk,017cd39a-ee8e-0000-30c6-e4fa9fd15778,2021-10-30T23:48:23+00:00
Wake up!,en,alarm.fill,017cd534-3958-0003-e018-abbd48cd3276,2021-10-30T23:48:17.994000+00:00
Soutenance cr√©a,,mdi.school,017cd628-e231-0000-f37a-847cdb663ecc,2021-10-30T23:48:14+00:00
Chan‚Äôs vlive ,,tv.fill,017cd39a-a11c-0000-39bb-4c793105e1b7,2021-10-30T23:48:01+00:00
Pijama,,mustache.fill,017cd39a-343b-0000-a77b-69a0343ee526,2021-10-30T23:47:46+00:00
KsiƒÖ≈ºka,,book.fill,017cd39a-6ab2-0000-780b-7fdeb81a9bf3,2021-10-30T23:47:41+00:00
KsiƒÖ≈ºka,,book.fill,017cd399-ddd7-0000-097e-c7147a985528,2021-10-30T23:47:28+00:00
Wake up!,,alarm.fill,017cd39a-0615-0000-cb7e-ead850e87621,2021-10-30T23:47:21+00:00
KsiƒÖ≈ºka,,book.fill,017cd399-dd40-0000-01a6-a1ed9225913c,2021-10-30T23:47:19+00:00
Statistics ,en,chart.pie.fill,017cd534-3956-0000-e78d-54fabf01d7e6,2021-10-30T23:47:16.994000+00:00
"Schoonmaken badkamer, slaapkamer en woonkamer ",,house.fill,017cd399-d038-0000-9651-045f967977d8,2021-10-30T23:47:10+00:00
Ranger,,wand.and.stars,017cd628-e135-0000-21d5-1edf06f176f1,2021-10-30T23:47:07+00:00
Luciadagen,,star.fill,017cd399-b80e-0000-3d65-710c752fab5f,2021-10-30T23:47:07+00:00
Mycie siƒô,,custom.shower,017cd399-804d-0000-f8d8-3453ca540583,2021-10-30T23:46:55+00:00
Wake up!,,alarm.fill,017cd399-5eba-0000-d189-7896555f2494,2021-10-30T23:46:52+00:00
Schoonmaken ,,house.fill,017cd399-6de0-0000-3b6e-7681a66216f9,2021-10-30T23:46:46+00:00
Wake up!,,alarm.fill,017cd399-5007-0000-3f3e-cf52f7477446,2021-10-30T23:46:40+00:00
Morning Routine,,custom.shower,017cd399-3a49-0000-a917-6f63a32fd034,2021-10-30T23:46:38+00:00
Soutenance cr√©a,,mdi.school,017cd628-e07e-0000-3e50-b76b2d323dda,2021-10-30T23:46:33+00:00
Enjuague ,,custom.chemistry,017cd398-d494-0000-6c21-f4002dff6b52,2021-10-30T23:46:02+00:00
Morning Routine,,custom.shower,017cd398-c4ee-0000-9f6d-4b64e02fdcee,2021-10-30T23:46:01+00:00
Crulla da vil and scars,,mdi.relax,017cd398-6653-0000-8a7f-1a7e92f8d0bd,2021-10-30T23:45:51+00:00
Emma arrived ,,person.2.fill,017cd39b-6e7d-0000-b111-48f6a3c4ddf6,2021-10-30T23:45:31+00:00
send relton email about new starter form + ask him for my payslip,,envelope.fill,017cd398-3fd4-0000-3c86-cf930e24a8fc,2021-10-30T23:45:29+00:00
Oude apparaten ( to do list ) ,,phone.fill,017cd398-0baf-0000-6737-86c2d3ec9867,2021-10-30T23:45:24+00:00
practise script,,pencil.and.outline,017cd397-f2d5-0000-5b6d-9ff8252391eb,2021-10-30T23:45:16+00:00
‡∏ï‡∏∑‡πà‡∏ô!,,alarm.fill,017cd398-2f7a-0000-233f-6d485547f27f,2021-10-30T23:45:16+00:00
practise script,,pencil.and.outline,017cd397-d013-0000-9057-3719829a4c78,2021-10-30T23:45:11+00:00
send relton email about new starter form + ask him for my payslip,,envelope.fill,017cd397-ca9c-0000-f679-8f72db173eee,2021-10-30T23:45:01+00:00
Oude apparaten ( to do list ) ,,phone.fill,017cd397-9656-0000-42ae-a500813af127,2021-10-30T23:44:53+00:00
Sleep,,moon.zzz.fill,017cd397-d72d-0000-3a2e-45d515672bcb,2021-10-30T23:44:53+00:00
Wake up!,,alarm.fill,017cd397-8435-0000-025e-0c2a2e18df89,2021-10-30T23:44:51+00:00
Wake up!,,alarm.fill,017cd397-7843-0000-63d7-cb70906668e2,2021-10-30T23:44:39+00:00
church,,house.fill,017cd397-7db7-0000-6f87-72ff8eb5d66e,2021-10-30T23:44:38+00:00
finish rewording TBP letter,,custom.language,017cd397-5598-0000-e677-bf796a445e34,2021-10-30T23:44:28+00:00
üë´üèª Wake Up,,alarm.fill,017cd397-2558-0000-7f9c-080d19544641,2021-10-30T23:44:25+00:00
Gym 2,,custom.dumbbell,017cd397-65a5-0000-6b06-32d6f473f5c4,2021-10-30T23:44:25+00:00
Wake up!,,alarm.fill,017cd397-1ce9-0000-1527-f40a3879821b,2021-10-30T23:44:24+00:00
üë©üèª‚Äçü¶∞ Breakfast,,noun.meal,017cd396-d3da-0000-3ae5-3dbb0d1724d2,2021-10-30T23:44:08+00:00
üë©üèª‚Äçü¶∞ Lunch Out,,noun.meal,017cd396-418a-0000-87ea-bf142dcd24ae,2021-10-30T23:43:16+00:00
Marketing ,en,chart.bar.fill,017cd534-32bf-0004-dd2d-7d29463d7ce0,2021-10-30T23:43:04.178000+00:00
Drzemka,,moon.zzz.fill,017cd395-d6f4-0000-b792-268d5424c812,2021-10-30T23:42:59+00:00
Statistics ,en,chart.pie.fill,017cd534-32ae-0000-01c5-5a10886bb3c0,2021-10-30T23:42:55.178000+00:00
Donna‚Äôs,,car.fill,017cd395-e9a0-0000-e6de-d4f8ac4e335c,2021-10-30T23:42:51+00:00
Halloween,,star.fill,017cdcd1-db8c-0000-693e-d373c5025678,2021-10-30T23:42:49+00:00
Angielski,,mdi.school,017cd395-618b-0000-e64c-7ad32ac52887,2021-10-30T23:42:31+00:00
Marketing ,en,chart.bar.fill,017cd534-3293-0000-00e5-70dbe2de0851,2021-10-30T23:42:24.178000+00:00
üë©üèª‚Äçü¶∞ Relax from Day Out,,tv.fill,017cd395-7420-0000-2f9f-2b1161c5dc44,2021-10-30T23:42:13+00:00
Mars Hour,,alarm.fill,017cd394-ea65-0000-8564-b5b79a75613c,2021-10-30T23:42:03+00:00
Gym - Weight Training üèãÔ∏è,,noun.coffee,017cd395-2cf6-0000-e7e8-c40d9cdc98f0,2021-10-30T23:42:01+00:00
Mars Hour,,alarm.fill,017cd394-e968-0000-6cad-115f2dc69d1a,2021-10-30T23:41:58+00:00
Masaje Facial ,,hand.raised.fill,017cd394-ff06-0000-2f4b-79c5494f57ce,2021-10-30T23:41:55+00:00
Sun Hour,,sun.max.fill,017cd394-c61c-0000-cd5e-7627326bce7b,2021-10-30T23:41:53+00:00
üë©üèª‚Äçü¶∞ Relax from Trip,,tv.fill,017cd394-fefe-0000-934b-af26d0f385a8,2021-10-30T23:41:48+00:00
drive to bella‚Äôs,,car.fill,017cd394-b26f-0000-5cf2-fa0d68be2988,2021-10-30T23:41:40+00:00
Make dinner,,custom.cooking,017cd394-ce30-0000-aaf4-4ffc9069b330,2021-10-30T23:41:35+00:00
drive to bella‚Äôs,,car.fill,017cd394-73ef-0000-a9e4-773eb6d818f6,2021-10-30T23:41:33+00:00
drive to bella‚Äôs,,car.fill,017cd394-7352-0000-be88-23294270ea03,2021-10-30T23:41:23+00:00
morning routine,,custom.hairdryer,017cd43a-9bf4-0000-829b-f33a1b873697,2021-10-30T23:41:15+00:00
morning routine,,custom.hairdryer,017cd394-3775-0000-da2e-21a8348d5ecb,2021-10-30T23:41:15+00:00
Lunch,,noun.coffee,017cd394-0277-0000-ff85-320ddfaa537f,2021-10-30T23:41:02+00:00
üë©üèª‚Äçü¶∞ Lunch Out,,noun.meal,017cd394-1520-0000-9acf-310d1c39af07,2021-10-30T23:40:56+00:00
leave home,,house.fill,017cd394-01e9-0000-3456-1e4a5112f8ef,2021-10-30T23:40:55+00:00
work on powerpoint ,,desktopcomputer,017cd393-e1c7-0000-aa12-8414746a4fc1,2021-10-30T23:40:48+00:00
Wake up!,,alarm.fill,017cd393-ddb3-0000-b8b7-25a677cc39fb,2021-10-30T23:40:48+00:00
üë©üèª‚Äçü¶∞ Lunch,,noun.meal,017cd394-149e-0000-a06a-0d80d114a363,2021-10-30T23:40:45+00:00
Hipopresivos ,,tortoise.fill,017cd393-cb96-0000-817d-7c54d6487dbc,2021-10-30T23:40:44+00:00
MTH Exam,,x.squareroot,017cd393-8d98-0000-db9a-2bf23a385f2e,2021-10-30T23:40:33+00:00
MTH Notes,,x.squareroot,017cd393-63bb-0000-194f-ec1de3f7ba04,2021-10-30T23:40:24+00:00
Module 5 Discussion 2,,book.fill,017cdcd1-cb57-0000-e2cb-19a370ef7e48,2021-10-30T23:40:17+00:00
Unit 2 The First Two Years (Due),,mdi.school,017cdcd1-ca12-0000-0d7d-c06bdb8e86cd,2021-10-30T23:40:10+00:00
little diggers ,,smiley.fill,017ce1da-dd77-0000-ed08-0e49c28c5b2d,2021-10-30T23:39:51+00:00
Module 5 Discussion 3,,book.fill,017cdcd1-db4c-0000-f51b-71819484df38,2021-10-30T23:39:47+00:00
Meet w/ Blanca,,person.2.fill,017cd392-da73-0000-cf62-4317eb245b5f,2021-10-30T23:39:44+00:00
Fortepian ,,headphones,017cd393-05de-0000-6888-0b39822f10fe,2021-10-30T23:39:36+00:00
Shower,,custom.shower,017cd392-f13d-0000-47a8-09bc585e42ed,2021-10-30T23:39:34+00:00
SMS,,x.squareroot,017cd392-b7d4-0000-8cc8-2704211a9351,2021-10-30T23:39:34+00:00
MTH Module Project,,x.squareroot,017cd392-942c-0000-e7d0-2c090d9ea52f,2021-10-30T23:39:30+00:00
Geography meeting,,video.fill,017cdcd1-d9a1-0000-a75f-c7b9b4ea5ca1,2021-10-30T23:39:27+00:00
Meet w/ Blanca,,person.2.fill,017cd392-b24a-0000-3f7b-9f4b8c8f848a,2021-10-30T23:39:26+00:00
Wake up!,,alarm.fill,017cd392-9163-0000-19f8-84b2503c5620,2021-10-30T23:39:22+00:00
Ojeras,,eyeglasses,017cd392-6bee-0000-4cf1-b6899c193476,2021-10-30T23:39:19+00:00
Lunch,,noun.coffee,017cd392-2d6d-0000-381d-4d85d8c2a1f0,2021-10-30T23:38:57+00:00
ü¶∏üèª‚Äç‚ôÇÔ∏è Meditation,,mdi.relax,017cd392-3718-0000-8b2a-80d3b25d72fa,2021-10-30T23:38:43+00:00
üë©üèª‚Äçü¶∞ Breakfast,,noun.meal,017cd391-c59e-0000-c46c-e02f0ecf85e3,2021-10-30T23:38:32+00:00
üë´üèª Wake Up,,alarm.fill,017cd391-c539-0000-7f83-2fb28b9564dd,2021-10-30T23:38:15+00:00
üë©üèª‚Äçü¶∞ Breakfast,,noun.meal,017cd391-558a-0000-f92c-377525bb373e,2021-10-30T23:38:00+00:00
English Hw,,doc.fill,017cd391-00b4-0000-46da-25b8a007e95a,2021-10-30T23:37:47+00:00
Wake up! ‚òÄÔ∏èüåÑ,,alarm.fill,017cd391-0dd0-0000-16d4-7c671aa695b9,2021-10-30T23:37:33+00:00
Schlaf gut!,,moon.fill,017cf2cb-8aa9-0000-1cbe-64e5c41853e3,2021-10-30T23:37:21+00:00
ü¶∏üèª‚Äç‚ôÇÔ∏è Meditation,,mdi.relax,017cd390-6381-0000-622d-abd3bfd268f8,2021-10-30T23:37:01+00:00
ü¶∏üèª‚Äç‚ôÇÔ∏è Meditation,,mdi.relax,017cd390-6310-0000-e55a-50be20dabed0,2021-10-30T23:36:54+00:00
Morning ‚õÖÔ∏è,,alarm.fill,017cd390-912f-0000-a350-af29997b6170,2021-10-30T23:36:50+00:00
ü¶∏üèª‚Äç‚ôÇÔ∏è Meditation,,mdi.relax,017cd390-2a2a-0000-5c3e-74403206e0f3,2021-10-30T23:36:50+00:00
ü¶∏üèª‚Äç‚ôÇÔ∏è Meditation,,mdi.relax,017cd390-29c5-0000-4c16-06bb497aa7d7,2021-10-30T23:36:45+00:00
Daily hygiene and makeup,,custom.shower,017cd390-6a0e-0000-00ce-72b228c6aa92,2021-10-30T23:36:42+00:00
üë©üèª‚Äçü¶∞ Breakfast,,noun.meal,017cd38f-f7f4-0000-8396-60d65c7621f7,2021-10-30T23:36:28+00:00
Gym - Incline Walking üèÉüèΩ‚Äç‚ôÄÔ∏è ,,custom.dumbbell,017cd38f-b2da-0000-d6b1-384c4783e108,2021-10-30T23:36:17+00:00
Partyyyyyyyyyy,,noun.party,017cf2cb-8a56-0000-e2ca-58fe26a11a46,2021-10-30T23:36:10+00:00
Wake up!,,alarm.fill,017cd38f-b0aa-0000-a5e2-60c032cbadd8,2021-10-30T23:36:09+00:00
Aufwachen!,,alarm.fill,017cd38f-cb1f-0000-ff40-40393cc0dcb1,2021-10-30T23:36:04+00:00
Shower üöø,,custom.shower,017cd38f-b26c-0000-2e18-7ecc177df0fd,2021-10-30T23:36:02+00:00
Marketing ,en,chart.bar.fill,017cd534-317e-0002-340f-b5593dd8b71b,2021-10-30T23:35:39.952000+00:00
work on wide reading ,,newspaper.fill,017cd38f-1175-0000-7080-a1c499a97feb,2021-10-30T23:35:39+00:00
üë©üèª‚Äçü¶∞ Lunch,,noun.meal,017cd38f-80af-0000-5576-6b0a6e107acc,2021-10-30T23:35:39+00:00
Get ready for work üíÑ,,briefcase.fill,017cd38f-38da-0000-5edc-b2e9d0ec8bc7,2021-10-30T23:35:39+00:00
Alistarse ,,custom.hairdryer,017cd38f-37ad-0000-20b3-7710db82d7de,2021-10-30T23:35:35+00:00
üë©üèª‚Äçü¶∞ Relax,,tv.fill,017cd38e-ef6d-0000-2220-28c63c78e1a6,2021-10-30T23:35:10+00:00
Go to the cr√™perie! ,,noun.coffee,017cd38e-7103-0000-99cf-ed1d8c5dd8a4,2021-10-30T23:34:59+00:00
Work,,briefcase.fill,017cd38e-87c6-0000-41c9-34710e0b4b5e,2021-10-30T23:34:54+00:00
Wake up!,en,alarm.fill,017cd534-317a-0002-06f1-ddd88a740190,2021-10-30T23:34:50.952000+00:00
Work üíº,,speedometer,017cd38e-4e8e-0000-c7f5-b13cc98ff9fc,2021-10-30T23:34:50+00:00
‚Äúself care‚Äù reel,,video.fill,017cd38e-2db1-0000-933e-23f858df2f3f,2021-10-30T23:34:27+00:00
Wake up!,,alarm.fill,017cd38d-e6e6-0000-9ec4-38cc9f85a05b,2021-10-30T23:34:23+00:00
Albert Heijn ,,noun.meal,017cd38d-ea4d-0000-b825-eeb8a13abde3,2021-10-30T23:34:20+00:00
Katzenklo komplett s√§ubern ,,custom.cat,017cd38d-b1eb-0000-dc2f-41df193dddfd,2021-10-30T23:34:10+00:00
Shower and get ready ,,wand.and.stars,017cd38d-cf65-0000-b529-38771f85f053,2021-10-30T23:34:08+00:00
Katzenklo komplett s√§ubern ,,custom.cat,017cd38d-b17d-0000-d44b-c80e7d8f5e49,2021-10-30T23:33:56+00:00
üë©üèª‚Äçü¶∞ Teeth & Face,,custom.toothbrush,017cd38d-7f37-0000-0572-b9d1fb0d9089,2021-10-30T23:33:53+00:00
üë©üèª‚Äçü¶∞ Read Until Bedtime,,book.fill,017cd38d-7eec-0000-e594-3a05cae5903f,2021-10-30T23:33:44+00:00
Wake up!,,alarm.fill,017cd38d-5a1d-0000-3058-bf082f9a0e5d,2021-10-30T23:33:42+00:00
‚Äúworking on me‚Äù reel ,,video.fill,017cd38d-45f1-0000-e4b3-ab5cfb7eece5,2021-10-30T23:33:39+00:00
HALLOWEEN ,,star.fill,017cd38d-3ac3-0000-96b6-7b2c5a1ff860,2021-10-30T23:33:30+00:00
üë´üèª Bed,,bed.double.fill,017cd38d-3096-0000-b58c-2018e6e8241e,2021-10-30T23:33:26+00:00
Gym - Weight Training üèãÔ∏è,,custom.dumbbell,017cd38c-f095-0000-c81c-4d0fa5a62695,2021-10-30T23:33:17+00:00
‚Äúself care‚Äù reel,,video.fill,017cd38c-c712-0000-6225-1ff546721d4d,2021-10-30T23:33:01+00:00
‚Äúworking on me‚Äù reel ,,video.fill,017cd38c-c6a9-0000-c611-3348c17bbb0a,2021-10-30T23:32:51+00:00
Sleep Well!,,moon.zzz.fill,017cd38c-b5fc-0000-5bad-0dad82eef827,2021-10-30T23:32:44+00:00
üë´üèª Wake Up,,alarm.fill,017cd38c-ba6e-0000-1a8b-36db6c0a3f04,2021-10-30T23:32:43+00:00
get ready for sunday dinner,,custom.cooking,017cd38c-7236-0000-e54a-f48da6a56430,2021-10-30T23:32:43+00:00
get ready for sunday dinner,,custom.cooking,017cd700-f4c2-0000-71fc-e475543aa918,2021-10-30T23:32:43+00:00
Sleep Well!,,moon.zzz.fill,017cd38c-376a-0000-c17e-0c67c1504247,2021-10-30T23:32:34+00:00
Check fasfa ,,text.badge.checkmark,017cd38c-6fc1-0000-edd1-beca4e75f52a,2021-10-30T23:32:26+00:00
Sleep Well!,,moon.zzz.fill,017cd38c-371d-0000-4e87-83d1543def53,2021-10-30T23:32:26+00:00
‚Äúself care‚Äù reel,,video.fill,017cd38c-58db-0000-0c4e-140f66727497,2021-10-30T23:32:24+00:00
Make up,,wand.and.stars,017cf2cb-899c-0000-339b-e692c7687dca,2021-10-30T23:32:22+00:00
Clean All ,,house.fill,017cd38c-036f-0000-b32d-05b1b6a0c98c,2021-10-30T23:32:18+00:00
Check fasfa ,,text.badge.checkmark,017cd38b-faa3-0000-3a34-a9ed3143e4e1,2021-10-30T23:32:16+00:00
Get Ready ,,comb.fill,017cd38b-f84f-0000-4f87-cedc23c5ed67,2021-10-30T23:32:09+00:00
Pack for Bristol,,briefcase.fill,017cd38c-1665-0000-6081-1851965025c4,2021-10-30T23:32:06+00:00
Fris√∂r ,,comb.fill,017cd38b-e1dd-0000-086b-afd6eb94aea2,2021-10-30T23:31:58+00:00
Pray+Rituals,,mdi.relax,017cd38b-d2dd-0000-a602-b87fbf44013d,2021-10-30T23:31:52+00:00
Wake up,,alarm.fill,017cd38b-db31-0000-51c3-537a27eaa4ed,2021-10-30T23:31:44+00:00
SprzƒÖtanie,,arrow.3.trianglepath,017cd38b-8175-0000-4507-ecfc3cff4c14,2021-10-30T23:31:43+00:00
Ibet here ,,person.fill,017cd38b-5e72-0000-2e26-2c24eb2c7791,2021-10-30T23:31:35+00:00
sort out calendar ,,calendar,017cd38b-27ed-0000-1fb2-70fbd1b5f7a4,2021-10-30T23:31:23+00:00
Sleep Well! üí§ ,,moon.fill,017cd38b-1a55-0000-91ca-fb9aee8bfa78,2021-10-30T23:31:08+00:00
Shower,,custom.shower,017cd38a-e293-0000-62b9-71af2f8e4db8,2021-10-30T23:31:04+00:00
HSYP8103 Final Paper Introduction,,keyboard,017cd38a-2de1-0000-c78f-5b4127103800,2021-10-30T23:30:20+00:00
Chinese,,custom.language,017cd389-f826-0000-1bb2-3b2613c2113b,2021-10-30T23:29:58+00:00
Geschenk basteln,,gift.fill,017cd38a-1b06-0000-9dd7-67c22bcc7c2b,2021-10-30T23:29:53+00:00
ECON8015 Week 9 Notes,,pencil.and.outline,017cd389-b862-0000-8281-b466f2563c5c,2021-10-30T23:29:40+00:00
To√°n,,x.squareroot,017cd389-98b2-0000-b56c-d78801ff3d38,2021-10-30T23:29:40+00:00
Chillen,,mdi.couch,017cd389-a4fb-0000-b529-b669c260f42c,2021-10-30T23:29:25+00:00
Mamas Geburtstag ,,noun.party,017cd389-302e-0000-0352-d6d97dcbb561,2021-10-30T23:29:09+00:00
get ready,,comb.fill,017cd389-766f-0000-b497-029c1fcfff7b,2021-10-30T23:29:06+00:00
Wake up!,,alarm.fill,017cd389-4314-0000-a9dd-02556a3b96b9,2021-10-30T23:29:05+00:00
Wake up!,,alarm.fill,017cd388-c7ad-0000-7132-67b8459f5e6c,2021-10-30T23:28:36+00:00
Pay and MTD,,briefcase.fill,017cd388-d553-0000-c582-21b6ee319460,2021-10-30T23:28:33+00:00
School,,atom,017cd388-59ec-0000-671c-b8aa9b4939ae,2021-10-30T23:28:12+00:00
Cady&Duke Walk,,custom.dog,017cd388-42f5-0000-81a7-285be0db7652,2021-10-30T23:28:04+00:00
‚Äúworking on me‚Äù reel ,,video.fill,017cd388-3aa6-0000-06e7-743625c73cef,2021-10-30T23:27:58+00:00
Cady&Duke Walk,,custom.dog,017cd388-180a-0000-61c9-52a750327aa8,2021-10-30T23:27:51+00:00
Gym - Weight Training,,noun.coffee,017cd387-e6ba-0000-f074-0cd19f3a61a9,2021-10-30T23:27:47+00:00
Sisihin Canang ,,hand.raised.fill,017cd388-1ff2-0000-f74f-985f6dd2d2c3,2021-10-30T23:27:47+00:00
Gym - Weight Training,,noun.coffee,017cd387-6ece-0000-d8d9-447026940b17,2021-10-30T23:27:13+00:00
Tea ,,noun.coffee,017cd387-6e31-0000-3f82-7cde007fefbd,2021-10-30T23:27:00+00:00
Wake up!,,alarm.fill,017cd387-0165-0000-f71e-bb55262c99c6,2021-10-30T23:26:50+00:00
Work,,briefcase.fill,017cd386-fb8e-0000-0ba8-cc7f4a277efa,2021-10-30T23:26:34+00:00
Get Ready,,comb.fill,017cd386-ef8c-0000-2086-70aae276245e,2021-10-30T23:26:31+00:00
Journaling,,text.badge.checkmark,017cd386-c064-0000-2fe3-7f4793fc0a84,2021-10-30T23:26:28+00:00
Get ready for work,,comb.fill,017cd386-fd15-0000-08f4-7ea4280a3341,2021-10-30T23:26:23+00:00
Remembrance Day,,calendar,017cd3ca-8e69-0000-a3dc-5211858e7715,2021-10-30T23:26:20+00:00
Remembrance Day,,calendar,017cd386-99f9-0000-a371-8a8e71667052,2021-10-30T23:26:20+00:00
Sisihin Canang ,,hand.raised.fill,017cd386-9242-0000-bc40-d966772a6b60,2021-10-30T23:26:18+00:00
Get ready for work,,comb.fill,017cd386-83d2-0000-bd5f-a9d8f0c764ad,2021-10-30T23:26:03+00:00
Get ready!!!,,comb.fill,017cd386-5ccf-0000-68cf-550a53c71e7a,2021-10-30T23:25:59+00:00
Sisihin Canang ,,hand.raised.fill,017cd386-4b49-0000-673a-05aa4db14e35,2021-10-30T23:25:55+00:00
Call Nan,,figure.wave,017cd385-f17f-0000-b2f5-d161c0964d29,2021-10-30T23:25:35+00:00
Przygotowanie imprezy,,mdi.running,017cd385-d4b8-0000-1c69-433476311eed,2021-10-30T23:25:23+00:00
Fizyka ,,mdi.school,017cd385-af24-0000-65c5-000256eefbc1,2021-10-30T23:25:19+00:00
relax & grab food,,exclamationmark.triangle.fill,017cd385-7a1f-0000-4384-bc7b7bce4692,2021-10-30T23:25:09+00:00
Dress,,person.fill,017cd385-8ef3-0000-770d-690fb3c954ef,2021-10-30T23:25:04+00:00
Breakfast,,noun.coffee,017cd385-9bef-0000-4041-32674524459c,2021-10-30T23:24:57+00:00
Odpoczynek,,noun.party,017cd385-aebf-0000-82ad-929c4505d142,2021-10-30T23:24:56+00:00
Sleep Well!,,moon.fill,017cd385-2fc9-0000-55a6-7902ae876de6,2021-10-30T23:24:51+00:00
Sleep Well!,,moon.fill,017cd385-2f60-0000-09de-2cc3a7491a00,2021-10-30T23:24:44+00:00
Pojechanie do sklepu ,,cart.fill,017cd385-5f49-0000-f8c2-2b6b497de2a8,2021-10-30T23:24:43+00:00
Breakfast,,noun.coffee,017cd384-8621-0000-523a-3a5f2a439c83,2021-10-30T23:24:05+00:00
Ogarniƒôcie siƒô ,,wand.and.stars,017cd384-7503-0000-fa14-587bc331da62,2021-10-30T23:24:05+00:00
Boxing Day Bank Holiday,,calendar,017cd384-6efd-0000-fc58-baca6ad91461,2021-10-30T23:24:03+00:00
Przebierz siƒô,,photo.fill,017cd384-c46c-0000-530b-dc37e70b505c,2021-10-30T23:23:59+00:00
Christmas Bank Holiday,,calendar,017cd384-6e17-0000-e507-4925ea111daa,2021-10-30T23:23:56+00:00
Breakfast,,noun.coffee,017cd384-36c8-0000-5ba0-3d02ff2873a6,2021-10-30T23:23:49+00:00
Boxing Day,,calendar,017cd384-1c7e-0000-d31e-1c10c70688c5,2021-10-30T23:23:23+00:00
Halloween,,person.3.fill,017cd383-ffb6-0000-f361-649826b7ddcd,2021-10-30T23:23:16+00:00
Wake up!,,alarm.fill,017cd383-b320-0000-d6f1-9c3806420028,2021-10-30T23:23:14+00:00
Christmas Eve,,calendar,017cd383-d12b-0000-7c2b-15df123393c8,2021-10-30T23:23:12+00:00
Wiolonczela,,music.note,017cd383-db8a-0000-3a8c-59160f1a38ac,2021-10-30T23:22:58+00:00
Sleep Well!,,moon.fill,017cd383-c719-0000-a6fe-31142310b288,2021-10-30T23:22:54+00:00
St Andrew‚Äôs Day (Scotland),,calendar,017cd383-6191-0000-9cd4-fea2ae27c063,2021-10-30T23:22:51+00:00
Journaling,,text.badge.checkmark,017cd383-8c25-0000-5d59-add441833236,2021-10-30T23:22:46+00:00
SprzƒÖtaj,,trash.fill,017cd383-649d-0000-bd36-a1153179a17a,2021-10-30T23:22:41+00:00
breakfast,,noun.coffee,017cd383-42dd-0000-d019-1a2d1cdb585f,2021-10-30T23:22:37+00:00
Schlaf gut!,de,moon.fill,017cd8fa-61cd-0004-d6bc-4fd44a2a2b90,2021-10-30T23:22:04.039000+00:00
go to work,,figure.walk,017cd382-962e-0000-a3d7-d0bf46c91736,2021-10-30T23:21:56+00:00
Sleep Well!,,moon.fill,017cd382-d444-0000-5329-a5cdf091a023,2021-10-30T23:21:54+00:00
Naiya?,,person.3.fill,017cd382-cf85-0000-e222-d58a17b331bb,2021-10-30T23:21:51+00:00
golf,,bandage.fill,017cd382-971a-0000-80e4-f601d468729d,2021-10-30T23:21:45+00:00
breakfast,,noun.coffee,017cd381-fdba-0000-5fce-bf11f820d033,2021-10-30T23:21:23+00:00
Aufwachen!,,alarm.fill,017cf2cb-878e-0000-92d3-a55107a4d2b1,2021-10-30T23:21:14+00:00
Aufwachen!,,alarm.fill,017cd381-a7b0-0000-4b62-fc5b5005353c,2021-10-30T23:20:53+00:00
reifen und Cabrio Putzen,de,car.fill,017cd8fa-619b-0000-3e25-d21f89247c9f,2021-10-30T23:20:42.039000+00:00
Natural source of gaba ,,wand.and.stars,017cd381-9608-0000-e34b-22eccdbf33e8,2021-10-30T23:20:41+00:00
Aufwachen!,de,alarm.fill,017cd8fa-6170-0002-73b1-554153f04629,2021-10-30T23:19:46.039000+00:00
Wake up!,,alarm.fill,017cd380-e633-0000-3f03-ed8c4b57f7ef,2021-10-30T23:19:46+00:00
Party time!!!,,noun.party,017cd380-8ca1-0000-0779-90bafe9f5581,2021-10-30T23:19:42+00:00
Wake up!,,alarm.fill,017cd37f-cd94-0000-6210-dc7932fc7ae5,2021-10-30T23:18:58+00:00
Eten koken,,custom.cooking,017cd380-02a1-0000-6b0d-74abeb074802,2021-10-30T23:18:57+00:00
Wake up!,,alarm.fill,017cd37f-b795-0000-7a36-d79758cba637,2021-10-30T23:18:53+00:00
Wake up!,,alarm.fill,017cd37f-a9f2-0000-b785-7846e1cc02e9,2021-10-30T23:18:38+00:00
Take Booksta pics,,book.fill,017cd37f-2212-0000-e47f-df8eaa6d47d9,2021-10-30T23:18:16+00:00
Take Booksta pics,,book.fill,017cd37f-21cc-0000-661d-5d6b917ede38,2021-10-30T23:18:10+00:00
Read,,book.fill,017cd37e-ecdb-0000-668a-d32c316c2ab7,2021-10-30T23:17:48+00:00
Chengdu Marathon,,mdi.running,017cd37e-b66e-0000-e58b-34b2e02b6391,2021-10-30T23:17:47+00:00
Journaling ü•∞,,book.fill,017cd37e-fda4-0000-2052-8972ba4cd9af,2021-10-30T23:17:43+00:00
Take Booksta pics,,book.fill,017cd37e-7607-0000-1e31-a69edde92c62,2021-10-30T23:17:24+00:00
Êó©È§ê,,noun.meal,017cd3ce-1c93-0000-b0bd-593a95fa16e0,2021-10-30T23:17:05+00:00
Flashfood,,cart.fill,017cd37d-d5a6-0000-108b-f5162a8a9801,2021-10-30T23:16:46+00:00
Sleep Well!,,moon.fill,017cd37d-a667-0000-7a2c-174ac75fd429,2021-10-30T23:16:39+00:00
Wakker worden!,,alarm.fill,017cd37d-54aa-0000-02bb-361e135e4fa5,2021-10-30T23:16:18+00:00
Nikki Halen,,car.fill,017cd37d-bb22-0000-44a2-a04186122d9c,2021-10-30T23:16:14+00:00
D√©p√¥t ch√®ques,,dollarsign.circle.fill,017cd37d-66f5-0000-091a-10796fce8f4a,2021-10-30T23:15:55+00:00
Life shit,,lightbulb.fill,017cd37d-1623-0000-16a7-3128134c5700,2021-10-30T23:15:47+00:00
Êó©È§ê,,noun.meal,017cd3ce-1ad2-0000-7746-6e338802c020,2021-10-30T23:15:45+00:00
Church,,hand.thumbsup.fill,017cd37c-ff86-0000-1f09-24ef9fe35187,2021-10-30T23:15:35+00:00
Life shit,,lightbulb.fill,017cd37c-a0ba-0000-81a3-d33d2637fb44,2021-10-30T23:15:29+00:00
Sleep Well!,,moon.fill,017cd37c-799e-0000-1e61-b9831d7cfa86,2021-10-30T23:15:09+00:00
Life shit,,lightbulb.fill,017cd37c-2b9b-0000-ea11-f0397080e455,2021-10-30T23:14:47+00:00
andare in stazio,,mdi.bus,017cd37b-8dc4-0000-cc84-60e57be56574,2021-10-30T23:14:12+00:00
Wake up!,,alarm.fill,017cd37b-5164-0000-6625-3182bd27b837,2021-10-30T23:14:04+00:00
Get ready for work,,briefcase.fill,017cd37b-0cf7-0000-d093-217bb2df0a34,2021-10-30T23:13:49+00:00
Beo a roma ,,heart.fill,017cd37b-1f09-0000-e522-b468a6898936,2021-10-30T23:13:45+00:00
Sleep Well!,,moon.fill,017cd37b-01e5-0000-0935-0e15cbcd3057,2021-10-30T23:13:41+00:00
Shower,,custom.shower,017cd37a-ed34-0000-3745-94a8c87db08c,2021-10-30T23:13:38+00:00
