Symbol,Name,Code,Status,Category,File,Features,Alias,Source,Source Link,Deprecated
SF%20Symbols%20Library%201c95183b9f974adabf30710c42dbeccb/custom.reminders.22x.png,Reminders,custom.reminders,Released,Productivity,SF%20Symbols%20Library%201c95183b9f974adabf30710c42dbeccb/custom.reminders.svg,"Color, Hierarchical, Weights",,Leo,,
SF%20Symbols%20Library%201c95183b9f974adabf30710c42dbeccb/custom.ball2x.png,Ball,custom.ball,Released,Sport,SF%20Symbols%20Library%201c95183b9f974adabf30710c42dbeccb/custom.ball.svg,"Hierarchical, Weights","Football, Soccer, Basketball",Flaticon,https://www.flaticon.com/de/kostenloses-icon/fussball_731944,
SF%20Symbols%20Library%201c95183b9f974adabf30710c42dbeccb/custom.cat2x.png,Cat,custom.cat,Released,Animals,SF%20Symbols%20Library%201c95183b9f974adabf30710c42dbeccb/custom.cat.svg,,,Noun Project,https://thenounproject.com/icon/cat-158940/,
SF%20Symbols%20Library%201c95183b9f974adabf30710c42dbeccb/custom.chemistry2x.png,Chemistry,custom.chemistry,Released,School,SF%20Symbols%20Library%201c95183b9f974adabf30710c42dbeccb/custom.chemistry.svg,"Hierarchical, Weights",,Noun Project,https://thenounproject.com/icon/chemistry-465889/,
SF%20Symbols%20Library%201c95183b9f974adabf30710c42dbeccb/custom.cooking2x.png,Cooking,custom.cooking,Released,Kitchen,SF%20Symbols%20Library%201c95183b9f974adabf30710c42dbeccb/custom.cooking.svg,,,Flaticon,https://www.flaticon.com/free-icon/chef_483841,
SF%20Symbols%20Library%201c95183b9f974adabf30710c42dbeccb/pawprint.fill2x.png,Paw,custom.dog,Released,Animals,,Hierarchical,,System,,custom.dog
SF%20Symbols%20Library%201c95183b9f974adabf30710c42dbeccb/custom.dumbbell2x.png,Dumbbell,custom.dumbbell,Released,Sport,SF%20Symbols%20Library%201c95183b9f974adabf30710c42dbeccb/custom.dumbbell.svg,Hierarchical,,Flaticon,https://www.flaticon.com/free-icon/dumbbell_563828,
SF%20Symbols%20Library%201c95183b9f974adabf30710c42dbeccb/custom.shower2x.png,Shower,custom.shower,Released,Bathroom,SF%20Symbols%20Library%201c95183b9f974adabf30710c42dbeccb/custom.shower.svg,,,Flaticon,https://www.flaticon.com/free-icon/shower_2425854,
SF%20Symbols%20Library%201c95183b9f974adabf30710c42dbeccb/custom.toothbrush2x.png,Toothbrush,custom.toothbrush,Released,Bathroom,SF%20Symbols%20Library%201c95183b9f974adabf30710c42dbeccb/custom.toothbrush.svg,Hierarchical,,Noun Project,https://thenounproject.com/icon/toothbrush-3568130/,
SF%20Symbols%20Library%201c95183b9f974adabf30710c42dbeccb/custom.hairdryer2x.png,Hairdryer,custom.hairdryer,Released,Bathroom,SF%20Symbols%20Library%201c95183b9f974adabf30710c42dbeccb/custom.hairdryer.svg,Hierarchical,,Flaticon,https://www.flaticon.com/free-icon/hair-dryer_3144915,
SF%20Symbols%20Library%201c95183b9f974adabf30710c42dbeccb/custom.language2x.png,Language,custom.language,Released,School,SF%20Symbols%20Library%201c95183b9f974adabf30710c42dbeccb/custom.language.svg,"Hierarchical, Weights",,Unknown,,
SF%20Symbols%20Library%201c95183b9f974adabf30710c42dbeccb/custom.lipstick2x.png,Lipstick,custom.lipstick,Released,Bathroom,SF%20Symbols%20Library%201c95183b9f974adabf30710c42dbeccb/custom.lipstick.svg,,,Flaticon,https://www.flaticon.com/free-icon/lipstick_26441,
SF%20Symbols%20Library%201c95183b9f974adabf30710c42dbeccb/custom.razor2x.png,Razor,custom.razor,Released,Bathroom,SF%20Symbols%20Library%201c95183b9f974adabf30710c42dbeccb/custom.razor.svg,,,Noun Project,https://thenounproject.com/icon/razor-2431053/,
SF%20Symbols%20Library%201c95183b9f974adabf30710c42dbeccb/custom.sit2x.png,Sitting,custom.sit,Released,Humans,SF%20Symbols%20Library%201c95183b9f974adabf30710c42dbeccb/custom.sit.svg,Hierarchical,,Leo,,
SF%20Symbols%20Library%201c95183b9f974adabf30710c42dbeccb/custom.walk2x.png,Walking,figure.walk,Released,Humans,,"Hierarchical, Weights",,System,,custom.walk
SF%20Symbols%20Library%201c95183b9f974adabf30710c42dbeccb/mdi.running2x.png,Running,mdi.running,Released,"Humans, Sport",SF%20Symbols%20Library%201c95183b9f974adabf30710c42dbeccb/mdi.running.svg,Hierarchical,,Leo,,
SF%20Symbols%20Library%201c95183b9f974adabf30710c42dbeccb/mdi.school2x.png,School,graduationcap.fill,Released,School,,"Hierarchical, Weights",,System,,mdi.school
SF%20Symbols%20Library%201c95183b9f974adabf30710c42dbeccb/tram.fill.tunnel2x.png,Subway,tram.fill.tunnel,Released,Transport,,Weights,,System,,mdi.subway
SF%20Symbols%20Library%201c95183b9f974adabf30710c42dbeccb/mdi.ticket2x.png,Ticket,ticket.fill,Released,Leisure,,Weights,,System,,mdi.ticket
SF%20Symbols%20Library%201c95183b9f974adabf30710c42dbeccb/noun.coffee2x.png,Coffee,noun.coffee,Released,Food & Drinks,SF%20Symbols%20Library%201c95183b9f974adabf30710c42dbeccb/noun.coffee.svg,Hierarchical,,Noun Project,https://thenounproject.com/icon/coffee-1149468/,
SF%20Symbols%20Library%201c95183b9f974adabf30710c42dbeccb/fork.knife2x.png,Meal,fork.knife,Released,"Food & Drinks, Kitchen",,Weights,,System,,noun.meal
SF%20Symbols%20Library%201c95183b9f974adabf30710c42dbeccb/noun.party2x.png,Party,noun.party,Released,Leisure,SF%20Symbols%20Library%201c95183b9f974adabf30710c42dbeccb/noun.party.svg,"Hierarchical, Weights",,Noun Project,https://thenounproject.com/icon/party-3188542/,
SF%20Symbols%20Library%201c95183b9f974adabf30710c42dbeccb/airplane2x.png,Airplane,airplane,Released,Transport,,"Color, Hierarchical, Weights",,System,,
SF%20Symbols%20Library%201c95183b9f974adabf30710c42dbeccb/airplane.arrival2x.png,Airplace Arrival,airplane.arrival,Released,Transport,,"Color, Hierarchical, Weights",,System,,mdi.airplane.landing
SF%20Symbols%20Library%201c95183b9f974adabf30710c42dbeccb/airplane.departure2x.png,Airplane Departure,airplane.departure,Released,Transport,,"Color, Hierarchical, Weights",,System,,mdi.airplane.takeoff
SF%20Symbols%20Library%201c95183b9f974adabf30710c42dbeccb/mdi.alcohol.22x.png,Alcohol,mdi.alcohol,Released,Food & Drinks,SF%20Symbols%20Library%201c95183b9f974adabf30710c42dbeccb/mdi.alcohol.svg,"Hierarchical, Weights",,Fluent,https://github.com/microsoft/fluentui-system-icons/raw/master/assets/Drink%20Margarita/SVG/ic_fluent_drink_margarita_24_regular.svg?raw=true,
SF%20Symbols%20Library%201c95183b9f974adabf30710c42dbeccb/alarm.fill2x.png,Alarm,alarm.fill,Released,Bedroom,,"Color, Hierarchical, Weights",,System,,
SF%20Symbols%20Library%201c95183b9f974adabf30710c42dbeccb/ant.fill2x.png,Ant,ant.fill,Released,Nature,,"Color, Hierarchical, Weights",,System,,
SF%20Symbols%20Library%201c95183b9f974adabf30710c42dbeccb/archivebox.fill2x.png,Box,archivebox.fill,Released,Home,,"Color, Hierarchical, Weights",,System,,
SF%20Symbols%20Library%201c95183b9f974adabf30710c42dbeccb/arrow.3.trianglepath2x.png,Recycling,arrow.3.trianglepath,Released,Home,,"Color, Hierarchical, Weights",,System,,
SF%20Symbols%20Library%201c95183b9f974adabf30710c42dbeccb/arrow.triangle.merge2x.png,Merge,arrow.merge,Released,Computer,,"Color, Hierarchical, Weights",,System,,
SF%20Symbols%20Library%201c95183b9f974adabf30710c42dbeccb/at2x.png,Email,at,Released,Computer,,"Color, Hierarchical, Weights",,System,,
SF%20Symbols%20Library%201c95183b9f974adabf30710c42dbeccb/atom2x.png,Physics,atom,Released,School,,"Color, Hierarchical, Weights",,System,,
SF%20Symbols%20Library%201c95183b9f974adabf30710c42dbeccb/bag.fill2x.png,Bag,bag.fill,Released,Shopping,,"Color, Hierarchical, Weights",,System,,
SF%20Symbols%20Library%201c95183b9f974adabf30710c42dbeccb/bandage.fill2x.png,Bandage,bandage.fill,Released,Health,,"Color, Hierarchical, Weights",,System,,
SF%20Symbols%20Library%201c95183b9f974adabf30710c42dbeccb/battery.252x.png,Battery,battery.25,Released,Computer,,"Color, Hierarchical, Weights",,System,,
SF%20Symbols%20Library%201c95183b9f974adabf30710c42dbeccb/bell.fill2x.png,Bell,bell.fill,Released,Computer,,"Color, Hierarchical, Weights",,System,,
SF%20Symbols%20Library%201c95183b9f974adabf30710c42dbeccb/bicycle2x.png,Bike,bicycle,Released,Transport,,"Color, Hierarchical, Weights",,System,,mdi.bike
SF%20Symbols%20Library%201c95183b9f974adabf30710c42dbeccb/mdi.birthday2x.png,Birthday,mdi.birthday,Released,Leisure,SF%20Symbols%20Library%201c95183b9f974adabf30710c42dbeccb/mdi.birthday.svg,"Hierarchical, Weights",,Material Design Icons,https://materialdesignicons.com/icon/cake-variant,
SF%20Symbols%20Library%201c95183b9f974adabf30710c42dbeccb/mdi.buggy2x.png,Baby Carriage,mdi.buggy,Released,Transport,SF%20Symbols%20Library%201c95183b9f974adabf30710c42dbeccb/mdi.buggy.svg,"Hierarchical, Weights",,Material Design Icons,https://materialdesignicons.com/icon/baby-carriage,
SF%20Symbols%20Library%201c95183b9f974adabf30710c42dbeccb/bitcoinsign.circle.fill2x.png,Bitcoin,bitcoinsign.circle.fill,Released,Symbols,,"Color, Hierarchical, Weights",,System,,
SF%20Symbols%20Library%201c95183b9f974adabf30710c42dbeccb/bolt.car.fill2x.png,Electric Car,bolt.car.fill,Released,Transport,,"Color, Hierarchical, Weights",,System,,mdi.ev.station
SF%20Symbols%20Library%201c95183b9f974adabf30710c42dbeccb/bolt.fill2x.png,Bolt,bolt.fill,Released,Computer,,"Color, Hierarchical, Weights",,System,,
SF%20Symbols%20Library%201c95183b9f974adabf30710c42dbeccb/book.fill2x.png,Book,book.fill,Released,School,,"Color, Hierarchical, Weights",,System,,
SF%20Symbols%20Library%201c95183b9f974adabf30710c42dbeccb/bookmark.fill2x.png,Bookmark,bookmark.fill,Released,School,,"Color, Hierarchical, Weights",,System,,
SF%20Symbols%20Library%201c95183b9f974adabf30710c42dbeccb/briefcase.fill2x.png,Briefcase,briefcase.fill,Released,Work,,"Color, Hierarchical, Weights",,System,,
SF%20Symbols%20Library%201c95183b9f974adabf30710c42dbeccb/bubble.left.fill2x.png,Bubble,bubble.left.fill,Released,Computer,,"Color, Hierarchical, Weights",,System,,
SF%20Symbols%20Library%201c95183b9f974adabf30710c42dbeccb/burn2x.png,Danger,burn,Released,Symbols,,"Color, Hierarchical, Weights",,System,,
SF%20Symbols%20Library%201c95183b9f974adabf30710c42dbeccb/bus2x.png,Bus,bus,Released,Transport,,"Color, Hierarchical, Weights",,System,,mdi.bus
SF%20Symbols%20Library%201c95183b9f974adabf30710c42dbeccb/mdi.couch2x.png,Couch,mdi.couch,Released,Home,SF%20Symbols%20Library%201c95183b9f974adabf30710c42dbeccb/mdi.couch.svg,Weights,,Unknown,,
SF%20Symbols%20Library%201c95183b9f974adabf30710c42dbeccb/wand.and.stars2x.png,Magic,wand.and.stars,Released,Home,,"Color, Hierarchical, Weights",,System,,
SF%20Symbols%20Library%201c95183b9f974adabf30710c42dbeccb/lock.open.fill2x.png,Unlock,lock.open.fill,Released,Home,,"Color, Hierarchical, Weights",,System,,
SF%20Symbols%20Library%201c95183b9f974adabf30710c42dbeccb/hourglass2x.png,Hourglass,hourglass,Released,Home,,"Color, Hierarchical, Weights",,System,,
SF%20Symbols%20Library%201c95183b9f974adabf30710c42dbeccb/newspaper.fill2x.png,Newspaper,newspaper.fill,Released,Home,,"Color, Hierarchical, Weights",,System,,
SF%20Symbols%20Library%201c95183b9f974adabf30710c42dbeccb/wrench.fill2x.png,Wrench,wrench.fill,Released,Home,,"Color, Hierarchical, Weights",,System,,
SF%20Symbols%20Library%201c95183b9f974adabf30710c42dbeccb/photo.fill2x.png,Photo,photo.fill,Released,"Computer, Home",,"Color, Hierarchical, Weights",,System,,
SF%20Symbols%20Library%201c95183b9f974adabf30710c42dbeccb/hammer.fill2x.png,Hammer,hammer.fill,Released,Home,,"Color, Hierarchical, Weights",,System,,
SF%20Symbols%20Library%201c95183b9f974adabf30710c42dbeccb/scissors2x.png,Scissors,scissors,Released,Home,,"Color, Hierarchical, Weights",,System,,
SF%20Symbols%20Library%201c95183b9f974adabf30710c42dbeccb/flashlight.on.fill2x.png,Flashlight,flashlight.on.fill,Released,Home,,"Color, Hierarchical, Weights",,System,,
SF%20Symbols%20Library%201c95183b9f974adabf30710c42dbeccb/trash.fill2x.png,Trash,trash.fill,Released,Home,,"Color, Hierarchical, Weights",,System,,
SF%20Symbols%20Library%201c95183b9f974adabf30710c42dbeccb/gearshape.2.fill2x.png,Gears,gearshape.2.fill,Released,Home,,"Color, Hierarchical, Weights",,System,,
SF%20Symbols%20Library%201c95183b9f974adabf30710c42dbeccb/key.fill2x.png,Key,key.fill,Released,Home,,"Color, Hierarchical, Weights",,System,,
SF%20Symbols%20Library%201c95183b9f974adabf30710c42dbeccb/house.fill2x.png,House,house.fill,Released,Home,,"Color, Hierarchical, Weights",,System,,
SF%20Symbols%20Library%201c95183b9f974adabf30710c42dbeccb/custom.washing_machine2x.png,Washing Machine,custom.washing_machine,Released,Home,SF%20Symbols%20Library%201c95183b9f974adabf30710c42dbeccb/custom.washing_machine.svg,"Hierarchical, Weights",,Fiverr,https://www.fiverr.com/monkmonk,
SF%20Symbols%20Library%201c95183b9f974adabf30710c42dbeccb/fuelpump.fill2x.png,Gas Station,fuelpump.fill,Released,Transport,,"Color, Hierarchical, Weights",,System,,mdi.gas.station
SF%20Symbols%20Library%201c95183b9f974adabf30710c42dbeccb/mdi.mountain2x.png,Mountain,mdi.mountain,Released,Nature,SF%20Symbols%20Library%201c95183b9f974adabf30710c42dbeccb/mdi.mountain.svg,,,Material Design Icons,https://materialdesignicons.com/icon/image-filter-hdr,
SF%20Symbols%20Library%201c95183b9f974adabf30710c42dbeccb/calendar2x.png,Calendar,calendar,Released,Productivity,,"Color, Hierarchical, Weights",,System,,
SF%20Symbols%20Library%201c95183b9f974adabf30710c42dbeccb/camera.fill2x.png,Camera,camera.fill,Released,Computer,,"Color, Hierarchical, Weights",,System,,
SF%20Symbols%20Library%201c95183b9f974adabf30710c42dbeccb/car.fill2x.png,Car,car.fill,Released,Transport,,"Color, Hierarchical, Weights",,System,,
SF%20Symbols%20Library%201c95183b9f974adabf30710c42dbeccb/chart.bar.fill2x.png,Bar Chart,chart.bar.fill,Released,Work,,"Color, Hierarchical, Weights",,System,,
SF%20Symbols%20Library%201c95183b9f974adabf30710c42dbeccb/chart.pie.fill2x.png,Pie Chart,chart.pie.fill,Released,Work,,"Color, Hierarchical, Weights",,System,,
SF%20Symbols%20Library%201c95183b9f974adabf30710c42dbeccb/chevron.left.forwardslash.chevron.right2x.png,Code,chevron.left.slash.chevron.right,Released,"Computer, Work",,"Color, Hierarchical, Weights",,System,,
SF%20Symbols%20Library%201c95183b9f974adabf30710c42dbeccb/clock.fill2x.png,Clock,clock.fill,Released,Productivity,,"Color, Hierarchical, Weights",,System,,
SF%20Symbols%20Library%201c95183b9f974adabf30710c42dbeccb/cloud.bolt.fill2x.png,Storm,cloud.bolt.fill,Released,Nature,,"Color, Hierarchical, Weights",,System,,
SF%20Symbols%20Library%201c95183b9f974adabf30710c42dbeccb/cloud.drizzle.fill2x.png,Rain,cloud.drizzle.fill,Released,Nature,,"Color, Hierarchical, Weights",,System,,
SF%20Symbols%20Library%201c95183b9f974adabf30710c42dbeccb/cloud.fill2x.png,Cloud,cloud.fill,Released,Nature,,"Color, Hierarchical, Weights",,System,,
SF%20Symbols%20Library%201c95183b9f974adabf30710c42dbeccb/cloud.fog.fill2x.png,Fog,cloud.fog.fill,Released,Nature,,"Color, Hierarchical, Weights",,System,,
SF%20Symbols%20Library%201c95183b9f974adabf30710c42dbeccb/cloud.snow.fill2x.png,Snow,cloud.snow.fill,Released,Nature,,"Color, Hierarchical, Weights",,System,,
SF%20Symbols%20Library%201c95183b9f974adabf30710c42dbeccb/comb.fill2x.png,Comb,comb.fill,Released,Bathroom,,"Color, Hierarchical, Weights",,System,,
SF%20Symbols%20Library%201c95183b9f974adabf30710c42dbeccb/creditcard.fill2x.png,Creditcard,creditcard.fill,Released,Shopping,,"Color, Hierarchical, Weights",,System,,
SF%20Symbols%20Library%201c95183b9f974adabf30710c42dbeccb/cross.case.fill2x.png,Pharmacy,cross.case.fill,Released,Health,,"Color, Hierarchical, Weights",,System,,mdi.pharmacy
SF%20Symbols%20Library%201c95183b9f974adabf30710c42dbeccb/desktopcomputer2x.png,Desktop,desktopcomputer,Released,"Computer, Work",,"Color, Hierarchical, Weights",,System,,
SF%20Symbols%20Library%201c95183b9f974adabf30710c42dbeccb/doc.fill2x.png,File,doc.fill,Released,Computer,,"Color, Hierarchical, Weights",,System,,
SF%20Symbols%20Library%201c95183b9f974adabf30710c42dbeccb/doc.richtext2x.png,Document,doc.richtext,Released,Computer,,"Color, Hierarchical, Weights",,System,,
SF%20Symbols%20Library%201c95183b9f974adabf30710c42dbeccb/dollarsign.circle.fill2x.png,Money,dollarsign.circle.fill,Released,Symbols,,"Color, Hierarchical, Weights",,System,,
SF%20Symbols%20Library%201c95183b9f974adabf30710c42dbeccb/ear2x.png,Ear,ear,Released,Humans,,"Color, Hierarchical, Weights",,System,,
SF%20Symbols%20Library%201c95183b9f974adabf30710c42dbeccb/envelope.fill2x.png,Mail,envelope.fill,Released,"Computer, Work",,"Color, Hierarchical, Weights",,System,,
SF%20Symbols%20Library%201c95183b9f974adabf30710c42dbeccb/exclamationmark.triangle.fill2x.png,Warning,exclamationmark.triangle.fill,Released,Symbols,,"Color, Hierarchical, Weights",,System,,
SF%20Symbols%20Library%201c95183b9f974adabf30710c42dbeccb/eyedropper2x.png,Eyedropper,eyedropper,Released,Bathroom,,"Color, Hierarchical, Weights",,System,,
SF%20Symbols%20Library%201c95183b9f974adabf30710c42dbeccb/pills.fill2x.png,Pills,pills.fill,Released,"Bathroom, Health",,"Color, Hierarchical, Weights",,System,,
SF%20Symbols%20Library%201c95183b9f974adabf30710c42dbeccb/eyeglasses2x.png,Glasses,eyeglasses,Released,Bathroom,,"Color, Hierarchical, Weights",,System,,
SF%20Symbols%20Library%201c95183b9f974adabf30710c42dbeccb/mdi.relax2x.png,Lotus,mdi.relax,Released,Health,SF%20Symbols%20Library%201c95183b9f974adabf30710c42dbeccb/mdi.relax.svg,,,Material Design Icons,https://materialdesignicons.com/icon/spa,
SF%20Symbols%20Library%201c95183b9f974adabf30710c42dbeccb/mdi.wheelchair2x.png,Wheelchair,mdi.wheelchair,Released,Transport,SF%20Symbols%20Library%201c95183b9f974adabf30710c42dbeccb/mdi.wheelchair.svg,,,Leo,,
SF%20Symbols%20Library%201c95183b9f974adabf30710c42dbeccb/text.badge.checkmark2x.png,Task,text.badge.checkmark,Released,Productivity,,"Color, Hierarchical, Weights",,System,,
SF%20Symbols%20Library%201c95183b9f974adabf30710c42dbeccb/thermometer2x.png,Temperature,thermometer,Released,Nature,,"Color, Hierarchical, Weights",,System,,
SF%20Symbols%20Library%201c95183b9f974adabf30710c42dbeccb/film.fill2x.png,Film,film.fill,Released,Leisure,,"Color, Hierarchical, Weights",,System,,
SF%20Symbols%20Library%201c95183b9f974adabf30710c42dbeccb/gift.fill2x.png,Gift,gift.fill,Released,Leisure,,"Color, Hierarchical, Weights",,System,,
SF%20Symbols%20Library%201c95183b9f974adabf30710c42dbeccb/zzz2x.png,Sleep,zzz,Released,Bedroom,,"Color, Hierarchical, Weights",,System,,
SF%20Symbols%20Library%201c95183b9f974adabf30710c42dbeccb/folder.fill2x.png,Folder,folder.fill,Released,"Computer, Productivity",,"Color, Hierarchical, Weights",,System,,
SF%20Symbols%20Library%201c95183b9f974adabf30710c42dbeccb/flame.fill2x.png,Flame,flame.fill,Released,Sport,,"Color, Hierarchical, Weights",,System,,
SF%20Symbols%20Library%201c95183b9f974adabf30710c42dbeccb/number2x.png,Hashtag,number,Released,Computer,,"Color, Hierarchical, Weights",,System,,
SF%20Symbols%20Library%201c95183b9f974adabf30710c42dbeccb/stethoscope2x.png,Doctor,stethoscope,Released,Health,,"Color, Hierarchical, Weights",,System,,
SF%20Symbols%20Library%201c95183b9f974adabf30710c42dbeccb/headphones2x.png,Headphones,headphones,Released,Computer,,"Color, Hierarchical, Weights",,System,,
SF%20Symbols%20Library%201c95183b9f974adabf30710c42dbeccb/face.smiling.fill2x.png,Smile,smiley.fill,Released,Humans,,"Color, Hierarchical, Weights",,System,,
SF%20Symbols%20Library%201c95183b9f974adabf30710c42dbeccb/hand.raised.fill2x.png,Hand,hand.raised.fill,Released,Humans,,"Color, Hierarchical, Weights",,System,,
SF%20Symbols%20Library%201c95183b9f974adabf30710c42dbeccb/map.fill2x.png,Map,map.fill,Released,Nature,,"Color, Hierarchical, Weights",,System,,
SF%20Symbols%20Library%201c95183b9f974adabf30710c42dbeccb/shield.fill2x.png,Shield,shield.fill,Released,Symbols,,"Color, Hierarchical, Weights",,System,,
SF%20Symbols%20Library%201c95183b9f974adabf30710c42dbeccb/tag.fill2x.png,Tag,tag.fill,Released,"Productivity, Work",,"Color, Hierarchical, Weights",,System,,
SF%20Symbols%20Library%201c95183b9f974adabf30710c42dbeccb/flag.fill2x.png,Flag,flag.fill,Released,Symbols,,"Color, Hierarchical, Weights",,System,,
SF%20Symbols%20Library%201c95183b9f974adabf30710c42dbeccb/gamecontroller.fill2x.png,Gaming,gamecontroller.fill,Released,Leisure,,"Color, Hierarchical, Weights",,System,,
SF%20Symbols%20Library%201c95183b9f974adabf30710c42dbeccb/hand.thumbsup.fill2x.png,Thumbs Up,hand.thumbsup.fill,Released,Humans,,"Color, Hierarchical, Weights",,System,,
SF%20Symbols%20Library%201c95183b9f974adabf30710c42dbeccb/music.note2x.png,Music,music.note,Released,Music,,"Color, Hierarchical, Weights",,System,,
SF%20Symbols%20Library%201c95183b9f974adabf30710c42dbeccb/paperplane.fill2x.png,Message,paperplane.fill,Released,Computer,,"Color, Hierarchical, Weights",,System,,
SF%20Symbols%20Library%201c95183b9f974adabf30710c42dbeccb/scanner.fill2x.png,Scanner,scanner.fill,Released,Computer,,"Color, Hierarchical, Weights",,System,,
SF%20Symbols%20Library%201c95183b9f974adabf30710c42dbeccb/umbrella.fill2x.png,Umbrella,umbrella.fill,Released,Nature,,"Color, Hierarchical, Weights",,System,,
SF%20Symbols%20Library%201c95183b9f974adabf30710c42dbeccb/figure.wave2x.png,Waving,figure.wave,Released,Humans,,"Color, Hierarchical, Weights",,System,,
SF%20Symbols%20Library%201c95183b9f974adabf30710c42dbeccb/hare.fill2x.png,Fast,hare.fill,Released,Animals,,"Color, Hierarchical, Weights",,System,,
SF%20Symbols%20Library%201c95183b9f974adabf30710c42dbeccb/link2x.png,Link,link,Released,Computer,,"Color, Hierarchical, Weights",,System,,
SF%20Symbols%20Library%201c95183b9f974adabf30710c42dbeccb/sunset.fill2x.png,Sunset,sunset.fill,Released,Nature,,"Color, Hierarchical, Weights",,System,,
SF%20Symbols%20Library%201c95183b9f974adabf30710c42dbeccb/x.squareroot2x.png,Math,x.squareroot,Released,School,,"Color, Hierarchical, Weights",,System,,
SF%20Symbols%20Library%201c95183b9f974adabf30710c42dbeccb/keyboard2x.png,Keyboard,keyboard,Released,Computer,,"Color, Hierarchical, Weights",,System,,
SF%20Symbols%20Library%201c95183b9f974adabf30710c42dbeccb/person.fill2x.png,Person,person.fill,Released,Humans,,"Color, Hierarchical, Weights",,System,,
SF%20Symbols%20Library%201c95183b9f974adabf30710c42dbeccb/safari.fill2x.png,Web,safari.fill,Released,Computer,,"Color, Hierarchical, Weights",,System,,
SF%20Symbols%20Library%201c95183b9f974adabf30710c42dbeccb/stopwatch.fill2x.png,Stopwatch,stopwatch.fill,Released,Productivity,,"Color, Hierarchical, Weights",,System,,
SF%20Symbols%20Library%201c95183b9f974adabf30710c42dbeccb/video.fill2x.png,FaceTime,video.fill,Released,Work,,"Color, Hierarchical, Weights",,System,,
SF%20Symbols%20Library%201c95183b9f974adabf30710c42dbeccb/moon.fill2x.png,Moon,moon.fill,Released,Nature,,"Color, Hierarchical, Weights",,System,,
SF%20Symbols%20Library%201c95183b9f974adabf30710c42dbeccb/paperclip2x.png,Paperclip,paperclip,Released,"School, Work",,"Color, Hierarchical, Weights",,System,,
SF%20Symbols%20Library%201c95183b9f974adabf30710c42dbeccb/questionmark2x.png,Question,questionmark,Released,Symbols,,"Color, Hierarchical, Weights",,System,,
SF%20Symbols%20Library%201c95183b9f974adabf30710c42dbeccb/sun.max.fill2x.png,Sun,sun.max.fill,Released,Nature,,"Color, Hierarchical, Weights",,System,,
SF%20Symbols%20Library%201c95183b9f974adabf30710c42dbeccb/timer2x.png,Timer,timer,Released,Productivity,,"Color, Hierarchical, Weights",,System,,
SF%20Symbols%20Library%201c95183b9f974adabf30710c42dbeccb/guitars2x.png,Guitar,guitars,Released,"Leisure, School",,"Color, Hierarchical, Weights",,System,,
SF%20Symbols%20Library%201c95183b9f974adabf30710c42dbeccb/mic.fill2x.png,Mic,mic.fill,Released,"Computer, Music",,"Color, Hierarchical, Weights",,System,,
SF%20Symbols%20Library%201c95183b9f974adabf30710c42dbeccb/shippingbox.fill2x.png,Shipping Box,shippingbox.fill,Released,Shopping,,"Color, Hierarchical, Weights",,System,,
SF%20Symbols%20Library%201c95183b9f974adabf30710c42dbeccb/magnifyingglass2x.png,Search,magnifyingglass,Released,Computer,,"Color, Hierarchical, Weights",,System,,
SF%20Symbols%20Library%201c95183b9f974adabf30710c42dbeccb/paintbrush.pointed.fill2x.png,Paintbrush,paintbrush.pointed.fill,Released,School,,"Color, Hierarchical, Weights",,System,,
SF%20Symbols%20Library%201c95183b9f974adabf30710c42dbeccb/location.fill2x.png,Location,location.fill,Released,Computer,,"Color, Hierarchical, Weights",,System,,
SF%20Symbols%20Library%201c95183b9f974adabf30710c42dbeccb/music.mic2x.png,Singing,music.mic,Released,Music,,"Color, Hierarchical, Weights",,System,,
SF%20Symbols%20Library%201c95183b9f974adabf30710c42dbeccb/leaf.fill2x.png,Leaf,leaf.fill,Released,Nature,,"Color, Hierarchical, Weights",,System,,
SF%20Symbols%20Library%201c95183b9f974adabf30710c42dbeccb/pencil.and.outline2x.png,Write,pencil.and.outline,Released,School,,"Color, Hierarchical, Weights",,System,,
SF%20Symbols%20Library%201c95183b9f974adabf30710c42dbeccb/hand.thumbsdown.fill2x.png,Thumbs Down,hand.thumbsdown.fill,Released,Humans,,"Color, Hierarchical, Weights",,System,,
SF%20Symbols%20Library%201c95183b9f974adabf30710c42dbeccb/paintbrush.fill2x.png,Paintbrush,paintbrush.fill,Released,School,,"Color, Hierarchical, Weights",,System,,
SF%20Symbols%20Library%201c95183b9f974adabf30710c42dbeccb/pin.fill2x.png,Pin,pin.fill,Released,Work,,"Color, Hierarchical, Weights",,System,,
SF%20Symbols%20Library%201c95183b9f974adabf30710c42dbeccb/tuningfork2x.png,Tuning,tuningfork,Released,Music,,"Color, Hierarchical, Weights",,System,,
SF%20Symbols%20Library%201c95183b9f974adabf30710c42dbeccb/moon.zzz.fill2x.png,Sleep Moon,moon.zzz.fill,Released,Nature,,"Color, Hierarchical, Weights",,System,,
SF%20Symbols%20Library%201c95183b9f974adabf30710c42dbeccb/pianokeys2x.png,Piano,pianokeys,Released,Music,,"Color, Hierarchical, Weights",,System,,
SF%20Symbols%20Library%201c95183b9f974adabf30710c42dbeccb/person.3.fill2x.png,Group,person.3.fill,Released,"Humans, Work",,"Color, Hierarchical, Weights",,System,,
SF%20Symbols%20Library%201c95183b9f974adabf30710c42dbeccb/power2x.png,Power,power,Released,Computer,,"Color, Hierarchical, Weights",,System,,
SF%20Symbols%20Library%201c95183b9f974adabf30710c42dbeccb/printer.fill2x.png,Printer,printer.fill,Released,Computer,,"Color, Hierarchical, Weights",,System,,
SF%20Symbols%20Library%201c95183b9f974adabf30710c42dbeccb/globe2x.png,Globe,globe,Released,Symbols,,"Color, Hierarchical, Weights",,System,,
SF%20Symbols%20Library%201c95183b9f974adabf30710c42dbeccb/speedometer2x.png,Speed,speedometer,Released,Transport,,"Color, Hierarchical, Weights",,System,,
SF%20Symbols%20Library%201c95183b9f974adabf30710c42dbeccb/star.fill2x.png,Star,star.fill,Released,Nature,,"Color, Hierarchical, Weights",,System,,
SF%20Symbols%20Library%201c95183b9f974adabf30710c42dbeccb/xmark.octagon.fill2x.png,Error,xmark.octagon.fill,Released,Symbols,,"Color, Hierarchical, Weights",,System,,
SF%20Symbols%20Library%201c95183b9f974adabf30710c42dbeccb/hifispeaker.fill2x.png,Speaker,hifispeaker.fill,Released,Computer,,"Color, Hierarchical, Weights",,System,,
SF%20Symbols%20Library%201c95183b9f974adabf30710c42dbeccb/play.rectangle.fill2x.png,Movie,play.rectangle.fill,Released,"Computer, Leisure",,"Color, Hierarchical, Weights",,System,,
SF%20Symbols%20Library%201c95183b9f974adabf30710c42dbeccb/icloud.and.arrow.up.fill2x.png,Upload,icloud.and.arrow.up.fill,Released,Computer,,"Color, Hierarchical, Weights",,System,,
SF%20Symbols%20Library%201c95183b9f974adabf30710c42dbeccb/tortoise.fill2x.png,Tortoise,tortoise.fill,Released,Animals,,"Color, Hierarchical, Weights",,System,,
SF%20Symbols%20Library%201c95183b9f974adabf30710c42dbeccb/sunrise.fill2x.png,Sunrise,sunrise.fill,Released,Nature,,"Color, Hierarchical, Weights",,System,,
SF%20Symbols%20Library%201c95183b9f974adabf30710c42dbeccb/tv.fill2x.png,TV,tv.fill,Released,Leisure,,"Color, Hierarchical, Weights",,System,,
SF%20Symbols%20Library%201c95183b9f974adabf30710c42dbeccb/heart.fill2x.png,Heart,heart.fill,Released,"Humans, Symbols",,"Color, Hierarchical, Weights",,System,,
SF%20Symbols%20Library%201c95183b9f974adabf30710c42dbeccb/person.2.fill2x.png,Meeting,person.2.fill,Released,"Humans, Work",,"Color, Hierarchical, Weights",,System,,
SF%20Symbols%20Library%201c95183b9f974adabf30710c42dbeccb/phone.fill2x.png,Phone,phone.fill,Released,"Computer, Work",,"Color, Hierarchical, Weights",,System,,
SF%20Symbols%20Library%201c95183b9f974adabf30710c42dbeccb/signature2x.png,Signature,signature,Released,Work,,"Color, Hierarchical, Weights",,System,,
SF%20Symbols%20Library%201c95183b9f974adabf30710c42dbeccb/tram.fill2x.png,Train,tram.fill,Released,Transport,,"Color, Hierarchical, Weights",,System,,
SF%20Symbols%20Library%201c95183b9f974adabf30710c42dbeccb/wifi2x.png,Wifi,wifi,Released,Computer,,"Color, Hierarchical, Weights",,System,,
SF%20Symbols%20Library%201c95183b9f974adabf30710c42dbeccb/wind2x.png,Wind,wind,Released,Nature,,"Color, Hierarchical, Weights",,System,,